<Hierarchy>:
	<Frame>: 0 5 Struct_ExtStairs_B
		<Transform>: 0 0 0 0 0 0 1 1 1 0 0 0 1  
		<TransformMatrix>: 1 0 0 0 0 1 0 0 0 0 1 0 0 0 0 1  
		<Mesh>: 272 Struct_ExtStairs_B_LOD0
			<Bounds>: -3.300268 0.598933 2.044696 3.324607 0.6010672 2.055305
			<Positions>: 272 -0.4429787 0.4530541 2.753517 -6.196748 0.4530541 2.753517 -0.4429787 0.303054 3.097204 -6.196748 0.303054 3.097204 -0.4429787 0.003053979 3.653518 -0.4429787 0.1530541 3.402936 -6.196748 0.003053979 3.653518 -6.196748 0.1530541 3.402936 -0.4429787 0.753054 2.203518 -0.4429787 0.9030538 1.897885 -6.196748 0.753054 2.203518 -6.196748 0.9030538 1.897885 -0.4429787 0.6030539 2.453518 -6.196748 0.6030539 2.453518 -0.4429787 0.5834554 2.753517 -0.4429787 0.6030541 2.733919 -6.196748 0.6030541 2.733919 -6.196748 0.5834554 2.753517 -0.4429787 0.4334728 3.102694 -0.4429787 0.4530541 3.08392 -6.196748 0.4530541 3.08392 -6.196748 0.4334728 3.102694 -0.4429787 0.2834555 3.403442 -0.4429787 0.3030542 3.383919 -6.196748 0.3030542 3.383919 -6.196748 0.2834555 3.403442 -0.4429787 0.1334554 3.653518 -0.4429787 0.1530541 3.633919 -6.196748 0.1530541 3.633919 -6.196748 0.1334554 3.653518 -0.4429787 0.8834551 2.203518 -0.4429787 0.9030538 2.183919 -6.196748 0.9030538 2.183919 -6.196748 0.8834551 2.203518 -0.4429787 0.7334552 2.453518 -0.4429787 0.753054 2.433919 -6.196748 0.753054 2.433919 -6.196748 0.7334552 2.453518 -6.599999 1.704744E-07 3.900001 -6.599999 0.2000002 3.900001 -6.599999 1.065814E-14 2.384186E-07 -6.599999 1.1 2.384186E-07 -6.599999 1.1 2 -6.599999 8.742278E-08 2 -5.999999 1.1 2.384186E-07 -5.999999 1.065814E-14 2.384186E-07 -5.999999 0.2000002 3.900001 -5.999999 1.704744E-07 3.900001 -5.999999 8.742278E-08 2 -5.999999 1.1 2 -6.624875 0.2000002 4.1 -6.624875 1.2 -0.01060843 -6.624875 1.2 2 -5.975661 1.2 -0.01060843 -5.975661 0.2000002 4.1 -5.975661 1.2 2 -6.624875 0.03221495 4.018264 -6.624875 1.013361 -0.01060843 -6.624875 1.01814 1.958061 -5.975661 1.013361 -0.01060843 -5.975661 0.03221495 4.018264 -5.975661 1.01814 1.958061 -6.624875 1.2 1.97271 -5.975661 1.2 1.97271 -6.624875 1.018075 1.93134 -5.975661 1.018075 1.93134 -6.624875 1.180495 2.040961 -5.975661 1.180495 2.040961 -6.624875 0.9989094 1.998246 -5.975661 0.9989094 1.998246 -6.599999 0.165 2.384186E-07 -6.599999 0.03000018 3.900001 -6.599999 0.1650001 2 -5.999999 0.165 2.384186E-07 -5.999999 0.03000018 3.900001 -5.999999 0.1650001 2 -0.5999993 1.704744E-07 3.900001 -0.5999993 0.2000002 3.900001 -0.5999993 1.065814E-14 2.384186E-07 -0.5999993 1.1 2.384186E-07 -0.5999993 1.1 2 -0.5999993 8.742278E-08 2 1.035631E-06 1.1 2.384186E-07 1.035631E-06 1.065814E-14 2.384186E-07 1.035631E-06 0.2000002 3.900001 1.035631E-06 1.704744E-07 3.900001 1.035631E-06 8.742278E-08 2 1.035631E-06 1.1 2 -0.6248749 0.2000002 4.1 -0.6248749 1.2 -0.01060843 -0.6248749 1.2 2 0.0243388 1.2 -0.01060843 0.0243388 0.2000002 4.1 0.0243388 1.2 2 -0.6248749 0.03221495 4.018264 -0.6248749 1.013361 -0.01060843 -0.6248749 1.01814 1.958061 0.0243388 1.013361 -0.01060843 0.0243388 0.03221495 4.018264 0.0243388 1.01814 1.958061 -0.6248749 1.2 1.97271 0.0243388 1.2 1.97271 -0.6248749 1.018075 1.93134 0.0243388 1.018075 1.93134 -0.6248749 1.180495 2.040961 0.0243388 1.180495 2.040961 -0.6248749 0.9989094 1.998246 0.0243388 0.9989094 1.998246 -0.5999993 0.165 2.384186E-07 -0.5999993 0.03000018 3.900001 -0.5999993 0.1650001 2 1.035631E-06 0.165 2.384186E-07 1.035631E-06 0.03000018 3.900001 1.035631E-06 0.1650001 2 -6.196748 -0.002134204 0.01833217 -0.4429787 -0.002134204 0.01833217 -0.4429787 0.8505421 1.998091 -0.4429787 1.000542 1.692459 -6.196748 0.8505421 1.998091 -6.196748 1.000542 1.692459 -0.4429787 0.9809432 1.998091 -0.4429787 1.000542 1.978492 -6.196748 1.000542 1.978492 -6.196748 0.9809432 1.998091 -0.4429787 1.000542 0.01833212 -6.196748 1.000542 0.01833212 -2.360902 -0.002134204 0.01833217 -4.278825 -0.002134204 0.01833217 -2.360902 1.000542 1.692459 -4.278825 1.000542 1.692459 -2.360902 0.8505421 1.998091 -4.278825 0.8505421 1.998091 -4.278825 1.000542 1.978492 -2.360902 1.000542 1.978492 -2.360902 0.9809432 1.998091 -4.278825 0.9809432 1.998091 -2.360902 1.000542 0.01833212 -4.278825 1.000542 0.01833212 -6.196748 0.947091 0.01833213 -0.4429787 0.947091 0.01833213 -2.360902 0.947091 0.01833213 -4.278825 0.947091 0.01833213 -0.4429787 1.000542 0.1257725 -6.196748 1.000542 0.1257725 -2.360902 1.000542 0.1257725 -4.278825 1.000542 0.1257725 -0.4429787 0.1530541 3.402936 -6.196748 0.1530541 3.402936 -6.196748 0.6030539 2.453518 -0.4429787 0.6030539 2.453518 -6.196748 0.303054 3.097204 -0.4429787 0.303054 3.097204 -6.196748 0.753054 2.203518 -0.4429787 0.753054 2.203518 -6.196748 0.4530541 3.08392 -0.4429787 0.4530541 3.08392 -6.196748 0.2834555 3.403442 -0.4429787 0.2834555 3.403442 -6.196748 0.1334554 3.653518 -0.4429787 0.1334554 3.653518 -6.196748 0.8834551 2.203518 -0.4429787 0.8834551 2.203518 -6.196748 0.753054 2.433919 -0.4429787 0.753054 2.433919 -6.196748 0.5834554 2.753517 -6.196748 0.4530541 2.753517 -0.4429787 0.4530541 2.753517 -0.4429787 0.5834554 2.753517 -6.599999 1.704744E-07 3.900001 -6.599999 8.742278E-08 2 -5.999999 8.742278E-08 2 -5.999999 1.704744E-07 3.900001 -6.599999 1.065814E-14 2.384186E-07 -5.999999 1.065814E-14 2.384186E-07 -6.599999 0.03000018 3.900001 -6.599999 1.704744E-07 3.900001 -5.999999 1.704744E-07 3.900001 -5.999999 0.03000018 3.900001 -6.599999 0.165 2.384186E-07 -5.999999 0.165 2.384186E-07 -6.624875 1.2 1.97271 -6.624875 1.018075 1.93134 -6.624875 1.01814 1.958061 -6.624875 1.2 2 -6.624875 1.180495 2.040961 -6.624875 0.9989094 1.998246 -6.624875 0.2000002 4.1 -5.975661 1.2 1.97271 -5.975661 1.018075 1.93134 -5.975661 1.013361 -0.01060843 -5.975661 1.180495 2.040961 -5.975661 0.9989094 1.998246 -5.975661 1.01814 1.958061 -5.975661 1.2 2 -6.624875 0.2000002 4.1 -6.624875 0.03221495 4.018264 -5.975661 0.2000002 4.1 -5.975661 1.2 -0.01060843 -5.975661 1.013361 -0.01060843 -6.624875 1.013361 -0.01060843 -6.624875 1.2 -0.01060843 -6.624875 1.013361 -0.01060843 -6.624875 1.2 -0.01060843 -5.975661 1.2 -0.01060843 -5.975661 0.2000002 4.1 -5.975661 0.03221495 4.018264 -6.624875 0.03221495 4.018264 -5.975661 0.03221495 4.018264 -6.599999 1.065814E-14 2.384186E-07 -5.999999 1.065814E-14 2.384186E-07 -5.999999 0.2000002 3.900001 -5.999999 1.1 2.384186E-07 -6.599999 0.2000002 3.900001 -6.599999 1.1 2.384186E-07 -0.5999993 1.704744E-07 3.900001 -0.5999993 8.742278E-08 2 1.035631E-06 8.742278E-08 2 1.035631E-06 1.704744E-07 3.900001 -0.5999993 1.065814E-14 2.384186E-07 1.035631E-06 1.065814E-14 2.384186E-07 -0.5999993 0.03000018 3.900001 -0.5999993 1.704744E-07 3.900001 1.035631E-06 1.704744E-07 3.900001 1.035631E-06 0.03000018 3.900001 -0.5999993 0.165 2.384186E-07 1.035631E-06 0.165 2.384186E-07 -0.6248749 1.2 1.97271 -0.6248749 1.018075 1.93134 -0.6248749 1.01814 1.958061 -0.6248749 1.2 2 -0.6248749 1.180495 2.040961 -0.6248749 0.9989094 1.998246 -0.6248749 0.2000002 4.1 0.0243388 1.2 1.97271 0.0243388 1.018075 1.93134 0.0243388 1.013361 -0.01060843 0.0243388 1.180495 2.040961 0.0243388 0.9989094 1.998246 0.0243388 1.01814 1.958061 0.0243388 1.2 2 -0.6248749 0.2000002 4.1 -0.6248749 0.03221495 4.018264 0.0243388 0.2000002 4.1 0.0243388 1.2 -0.01060843 0.0243388 1.013361 -0.01060843 -0.6248749 1.013361 -0.01060843 -0.6248749 1.2 -0.01060843 -0.6248749 1.013361 -0.01060843 -0.6248749 1.2 -0.01060843 0.0243388 1.2 -0.01060843 0.0243388 0.2000002 4.1 0.0243388 0.03221495 4.018264 -0.6248749 0.03221495 4.018264 0.0243388 0.03221495 4.018264 -0.5999993 1.065814E-14 2.384186E-07 1.035631E-06 1.065814E-14 2.384186E-07 1.035631E-06 0.2000002 3.900001 1.035631E-06 1.1 2.384186E-07 -0.5999993 0.2000002 3.900001 -0.5999993 1.1 2.384186E-07 -2.360902 1.000542 1.978492 -0.4429787 1.000542 1.978492 -6.196748 1.000542 1.978492 -4.278825 1.000542 1.978492 -2.360902 1.000542 0.01833212 -4.278825 1.000542 0.01833212 -0.4429787 1.000542 0.01833212 -6.196748 1.000542 0.01833212 -2.360902 1.000542 1.692459 -4.278825 1.000542 1.692459 -0.4429787 1.000542 1.692459 -6.196748 1.000542 1.692459  
			<Colors>: 0  
			<TextureCoords0>: 272 0.8548294 0.2377781 0.3405038 0.2377781 0.7718194 0.2377781 0.2574937 0.2377781 0.5997145 0.2065346 0.7718194 0.2065346 0.08538875 0.2065346 0.2574937 0.2065346 0.7718194 0.2377781 0.5997145 0.2377781 0.2574937 0.2377781 0.08538875 0.2377781 0.5997145 0.2377781 0.08538875 0.2377781 0.5997145 0.2168623 0.5997145 0.2197451 0.08538875 0.2197451 0.08538875 0.2168623 0.8548294 0.2168636 0.8548294 0.219555 0.3405038 0.219555 0.3405038 0.2168636 0.7718195 0.2168623 0.7718195 0.2197177 0.2574937 0.2197176 0.2574937 0.2168623 0.5997145 0.2168623 0.5997145 0.2200075 0.08538874 0.2200075 0.08538875 0.2168623 0.5997145 0.2168623 0.5997145 0.2197207 0.08538876 0.2197206 0.08538875 0.2168623 0.7718194 0.2168623 0.7718194 0.2200112 0.2574937 0.2200112 0.2574937 0.2168623 0.5992059 0.3052467 0.5981529 0.2390252 0.427685 0.3052467 0.3422062 0.3052527 0.513695 0.2384987 0.513695 0.3052467 0.3422062 0.2508249 0.427685 0.3052467 0.5134116 0.2390252 0.5992059 0.3052467 0.513695 0.3052467 0.513695 0.2384987 0.5988325 0.250158 0.5126774 0.250178 0.4270005 0.250158 0.2567707 0.2383623 0.5988325 0.3052769 0.4270005 0.3052769 0.5985354 0.250158 0.2569354 0.3052769 0.4270602 0.3052769 0.2569354 0.250203 0.428114 0.2501777 0.4270602 0.250203 0.4246921 0.250158 0.4246921 0.3052769 0.424751 0.3052769 0.4247216 0.2501814 0.4303521 0.250158 0.4303521 0.3052769 0.4304106 0.3052769 0.4303796 0.2501813 0.427685 0.2952345 0.5992059 0.3034263 0.513695 0.2952344 0.427685 0.2952345 0.5992059 0.3034263 0.513695 0.2952346 0.5992059 0.3052467 0.5981529 0.2390252 0.427685 0.3052467 0.3422062 0.3052527 0.513695 0.2384987 0.513695 0.3052467 0.3422062 0.2508249 0.427685 0.3052467 0.5134116 0.2390252 0.5992059 0.3052467 0.513695 0.3052467 0.513695 0.2384987 0.5988325 0.250158 0.5126774 0.250178 0.4270005 0.250158 0.2567707 0.2383623 0.5988325 0.3052769 0.4270005 0.3052769 0.5985354 0.250158 0.2569354 0.3052769 0.4270602 0.3052769 0.2569354 0.250203 0.428114 0.2501777 0.4270602 0.250203 0.4246921 0.250158 0.4246921 0.3052769 0.424751 0.3052769 0.4247216 0.2501814 0.4303521 0.250158 0.4303521 0.3052769 0.4304106 0.3052769 0.4303796 0.2501813 0.427685 0.2952345 0.5992059 0.3034263 0.513695 0.2952344 0.427685 0.2952345 0.5992059 0.3034263 0.513695 0.2952346 0.5571061 0.7451431 0.8894171 0.7451432 0.5997145 0.2065346 0.5997145 0.2377781 0.08538875 0.2065346 0.08538875 0.2377781 0.5997145 0.2168623 0.5997145 0.2197207 0.08538876 0.2197206 0.08538875 0.2168623 0.8899394 0.9069405 0.5576285 0.9069405 0.7786468 0.7451432 0.6678764 0.7451431 0.4282725 0.2377781 0.2568306 0.2377781 0.4282725 0.2065347 0.2568306 0.2065346 0.2568307 0.2197206 0.4282725 0.2197206 0.4282725 0.2168623 0.2568306 0.2168623 0.7791691 0.9069405 0.6683987 0.9069405 0.5571061 0.8063633 0.8894171 0.8063634 0.7786468 0.8063633 0.6678764 0.8063633 0.8899394 0.9007342 0.5576285 0.9007342 0.7791691 0.9007342 0.6683987 0.9007342 0.5997145 0.2377781 0.08538875 0.2377781 0.2574937 0.2065346 0.7718194 0.2065346 0.3405038 0.2065346 0.8548294 0.2065346 0.08538875 0.2065346 0.5997145 0.2065346 0.3405038 0.219555 0.8548294 0.219555 0.2574937 0.2168623 0.7718195 0.2168623 0.08538875 0.2168623 0.5997145 0.2168623 0.08538875 0.2168623 0.5997145 0.2168623 0.2574937 0.2200112 0.7718194 0.2200112 0.08538875 0.2168623 0.08538875 0.2065346 0.5997145 0.2065346 0.5997145 0.2168623 0.9410596 0.3052527 0.6849067 0.3052527 0.6849067 0.2508249 0.9410596 0.2508249 0.4268682 0.3052527 0.4268682 0.2508249 0.5981529 0.2486436 0.5981529 0.2503409 0.5134116 0.2503409 0.5134116 0.2486435 0.4141689 0.3052527 0.4141689 0.2508249 0.4246899 0.2383623 0.4246899 0.250158 0.4270005 0.250158 0.4270005 0.2383623 0.4303463 0.2383623 0.4303463 0.250158 0.5985354 0.2383623 0.4246899 0.2383622 0.4247216 0.2501814 0.2567707 0.250158 0.4303463 0.2383623 0.4303796 0.2501813 0.4270005 0.250158 0.4270005 0.2383623 0.5126771 0.2382041 0.5126771 0.2501777 0.428114 0.2382041 0.4281143 0.250178 0.428114 0.2382041 0.5126774 0.2382041 0.2567707 0.2383623 0.2567707 0.250158 0.2569354 0.250158 0.2569354 0.3052769 0.5985354 0.2383623 0.5985354 0.250158 0.5988325 0.3052769 0.5988324 0.250203 0.4268682 0.3052527 0.4268682 0.2508249 0.5992059 0.2931105 0.427685 0.2384987 0.5992059 0.2931105 0.427685 0.2384987 0.9410596 0.3052527 0.6849067 0.3052527 0.6849067 0.2508249 0.9410596 0.2508249 0.4268682 0.3052527 0.4268682 0.2508249 0.5981529 0.2486436 0.5981529 0.2503409 0.5134116 0.2503409 0.5134116 0.2486435 0.4141689 0.3052527 0.4141689 0.2508249 0.4246899 0.2383623 0.4246899 0.250158 0.4270005 0.250158 0.4270005 0.2383623 0.4303463 0.2383623 0.4303463 0.250158 0.5985354 0.2383623 0.4246899 0.2383622 0.4247216 0.2501814 0.2567707 0.250158 0.4303463 0.2383623 0.4303796 0.2501813 0.4270005 0.250158 0.4270005 0.2383623 0.5126771 0.2382041 0.5126771 0.2501777 0.428114 0.2382041 0.4281143 0.250178 0.428114 0.2382041 0.5126774 0.2382041 0.2567707 0.2383623 0.2567707 0.250158 0.2569354 0.250158 0.2569354 0.3052769 0.5985354 0.2383623 0.5985354 0.250158 0.5988325 0.3052769 0.5988324 0.250203 0.4268682 0.3052527 0.4268682 0.2508249 0.5992059 0.2931105 0.427685 0.2384987 0.5992059 0.2931105 0.427685 0.2384987 0.4282725 0.2197206 0.5997145 0.2197207 0.08538876 0.2197206 0.2568307 0.2197206 0.7786468 0.8098107 0.6678764 0.8098107 0.8894171 0.8098107 0.5571061 0.8098106 0.7791691 0.8102343 0.6683987 0.8102343 0.8899394 0.8102343 0.5576285 0.8102343  
			<TextureCoords1>: 272 0.00390625 0.4475579 0.5317006 0.4475579 0.00390625 0.9777251 0.5317008 0.9777251 0.5317008 0.5751759 0.5317008 0.591044 0.003906377 0.5751759 0.003906379 0.5910441 0.00390625 0.6344969 0.00390625 0.9449809 0.5317008 0.6344969 0.5317008 0.9449809 0.00390625 0.9122943 0.5317008 0.9122943 0.003906658 0.8840306 0.00390626 0.886573 0.5317008 0.886573 0.5317012 0.8840306 0.5317011 0.9841198 0.003906258 0.41725 0.5317006 0.41725 0.003906552 0.9841198 0.5317006 0.5790822 0.00390626 0.9514248 0.5317008 0.9514248 0.00390625 0.5790823 0.5317006 0.5632142 0.003906259 0.8589363 0.5317008 0.8589363 0.00390625 0.5632142 0.5317011 0.8405258 0.00390626 0.918743 0.5317008 0.918743 0.003906552 0.8405258 0.5317011 0.8246578 0.003906259 0.6133621 0.5317008 0.6133621 0.003906552 0.8246578 0.8933548 0.215932 0.8483871 0.9593791 0.5356071 0.215932 0.4988112 0.349885 0.7190672 0.1150289 0.7190673 0.2159321 0.4988113 0.2948468 0.8933548 0.4255511 0.9034253 0.9593791 0.5356069 0.4255511 0.7098944 0.4255511 0.7098944 0.3246479 0.9333999 0.7547503 0.7220776 0.9606047 0.7200407 0.7547503 0.3919706 0.2697919 0.9333999 0.6951977 0.7200408 0.6951978 0.3883276 0.1580662 0.003906257 0.2903325 0.1844933 0.2903325 0.00390625 0.349885 0.7855364 0.9777251 0.1844933 0.349885 0.7175374 0.7547503 0.7175374 0.6951978 0.1820422 0.2903324 0.1820422 0.349885 0.7242024 0.7547503 0.7242024 0.6951977 0.1885798 0.2903324 0.1885798 0.3498849 0.535607 0.2007965 0.8933548 0.21318 0.7190673 0.2007966 0.8933548 0.4104156 0.5356069 0.4227992 0.7098944 0.4104156 0.8933548 0.1111223 0.7894427 0.9593791 0.5356071 0.1111223 0.4988112 0.4133438 0.7190672 0.01021922 0.7190673 0.1111225 0.4988113 0.3583056 0.8933548 0.3207415 0.8444808 0.9593791 0.5356069 0.3207415 0.7098944 0.3207416 0.7098944 0.2198384 0.9333999 0.8182091 0.59516 0.9606047 0.7200407 0.8182091 0.3919706 0.2056119 0.9333999 0.7586565 0.7200408 0.7586566 0.3883276 0.0938862 0.003906266 0.3537913 0.1844933 0.3537913 0.00390625 0.4133438 0.6586189 0.9777251 0.1844933 0.4133438 0.7175374 0.8182091 0.7175374 0.7586566 0.1820422 0.3537913 0.1820422 0.4133438 0.7242024 0.8182091 0.7242024 0.7586565 0.1885798 0.3537912 0.1885798 0.4133437 0.535607 0.09598684 0.8933548 0.1083704 0.7190673 0.09598696 0.8933548 0.3056061 0.5356069 0.3179896 0.7098944 0.3056061 0.5317007 0.5434399 0.003906401 0.54344 0.5317008 0.6094546 0.003906275 0.664641 0.003906264 0.6094546 0.5317007 0.6646411 0.5317006 0.5974928 0.00390628 0.6384031 0.00390625 0.5949504 0.003906259 0.5974928 0.003906333 0.818209 0.5317009 0.8182091 0.1798378 0.5434399 0.3557692 0.5434399 0.1798378 0.664641 0.3557693 0.6646411 0.3557692 0.6094552 0.1798376 0.6094559 0.1798377 0.5949517 0.1798378 0.6384032 0.3557692 0.5974935 0.1798376 0.5974942 0.1798378 0.8182091 0.3557693 0.8182091 0.5317005 0.4563673 0.00390625 0.4563673 0.1798377 0.4563673 0.3557691 0.4563673 0.00390625 0.8083535 0.5317008 0.8083535 0.1798377 0.8083535 0.3557693 0.8083535 0.00390625 0.8801243 0.5317008 0.8801243 0.00390625 0.8366196 0.5317008 0.8366196 0.00390625 0.9960938 0.5317008 0.9960938 0.00390625 0.8524876 0.5317008 0.8524876 0.003906951 0.9816314 0.5317016 0.9816314 0.5317012 0.9488872 0.003906658 0.9488872 0.5317012 0.8563938 0.003906658 0.8563938 0.5317012 0.9162005 0.003906658 0.9162005 0.003906521 0.8221154 0.5317011 0.8221154 0.00390625 0.5473462 0.003906377 0.5593079 0.5317008 0.5593079 0.5317006 0.5473462 0.5356069 0.54344 0.7098944 0.5434399 0.7098944 0.4884018 0.5356069 0.4884018 0.8933549 0.54344 0.8933549 0.4884018 0.8483872 0.9749733 0.8483872 0.9777251 0.9034254 0.9777251 0.9034253 0.9749733 0.4130435 0.3498849 0.4130436 0.2948468 0.1806704 0.0983848 0.1809318 0.1154968 0.183312 0.1149111 0.1831026 0.09779245 0.1871767 0.09864181 0.1873109 0.1157528 0.3919706 0.1413382 0.2152065 0.2267448 0.214945 0.2438568 0.3879197 0.2864262 0.2087002 0.2270018 0.208566 0.2441128 0.2125649 0.2432711 0.2127742 0.2261524 0.7259839 0.9606051 0.7259839 0.9777251 0.7855364 0.9606051 0.6625251 0.9606047 0.6625251 0.9777251 0.7220777 0.9777251 0.00390625 0.1414319 0.007957279 0.1580662 0.5356072 0.7547503 0.5356072 0.6951978 0.00390625 0.2696982 0.007549298 0.2864262 0.3940018 0.2903324 0.3940018 0.3498849 0.397908 0.349885 0.397908 0.2948468 0.5356069 0.407205 0.8933548 0.3246478 0.8933548 0.1975859 0.5356069 0.1150287 0.5356069 0.4844955 0.7098944 0.4844955 0.7098944 0.4294574 0.5356069 0.4294574 0.8933549 0.4844955 0.8933549 0.4294574 0.7894427 0.9749733 0.7894428 0.9777251 0.8444809 0.9777251 0.8444809 0.9749733 0.4130435 0.4133438 0.4130436 0.3583056 0.1806704 0.03420478 0.1809318 0.05131686 0.183312 0.05073112 0.1831026 0.03361249 0.1871767 0.03446186 0.1873109 0.05157286 0.3919706 0.07715821 0.2152065 0.1625648 0.214945 0.1796768 0.3879197 0.2222462 0.2087002 0.1628218 0.208566 0.1799328 0.2125649 0.179091 0.2127742 0.1619725 0.5990663 0.9606051 0.5990663 0.9777251 0.6586188 0.9606051 0.5356075 0.9606047 0.5356075 0.9777251 0.59516 0.9777251 0.00390625 0.07725197 0.007957279 0.0938862 0.5356072 0.8182091 0.5356072 0.7586566 0.00390625 0.2055182 0.007549298 0.2222462 0.3940018 0.3537912 0.3940018 0.4133438 0.397908 0.4133438 0.3979081 0.3583056 0.5356069 0.3023955 0.8933548 0.2198383 0.8933548 0.09277624 0.5356069 0.0102191 0.3557693 0.594951 0.5317006 0.5949504 0.5317007 0.6384032 0.3557693 0.6384032 0.1798377 0.4514642 0.3557691 0.4514642 0.003906301 0.4514642 0.5317005 0.4514642 0.1798378 0.664641 0.3557693 0.6646411 0.003906275 0.664641 0.5317007 0.6646411  
			<Normals>: 272 0 1 0 0 1 0 0 1 0 0 1 0 0 0 1 0 -0.00387594 0.9999925 0 0 1 0 -0.00387594 0.9999925 0 1 0 0 1 0 0 1 0 0 1 0 0 1 0 0 1 0 0 0.3826815 0.9238803 0 0.9238803 0.3826815 0 0.9238803 0.3826815 0 0.3826815 0.9238803 0 0.3533466 0.9354925 0 0.9198036 0.3923792 0 0.9198036 0.3923792 0 0.3533466 0.9354925 0 0.3799883 0.9249913 0 0.9235134 0.3835663 0 0.9235134 0.3835663 0 0.3799883 0.9249913 0 0.3826815 0.9238803 0 0.9238803 0.3826815 0 0.9238803 0.3826815 0 0.3826815 0.9238803 0 0.3826815 0.9238803 0 0.9238803 0.3826815 0 0.9238803 0.3826815 0 0.3826815 0.9238803 0 0.3826815 0.9238803 0 0.9238803 0.3826815 0 0.9238803 0.3826815 0 0.3826815 0.9238803 -0.7071068 -0.7071068 0 0 0 1 -0.7071068 -0.7071068 0 0 0 -1 -1 0 0 -0.7071068 -0.7071068 0 0 0 -1 0.7071068 -0.7071068 0 0 0 1 0.7071068 -0.7071068 0 0.7071068 -0.7071068 0 1 0 0 0 0.9028678 0.4299182 0 0 -1 0 0.9754148 0.220377 1 0 0 0 0.9028678 0.4299182 0 0.9754148 0.220377 -1 0 0 0 -0.9999971 0.002411029 0 -0.9754701 -0.2201316 0 -0.9999971 0.002411029 0 -0.4379486 0.899 0 -0.9754701 -0.2201316 0 1 0 0 1 0 0 -0.9999971 0.002411029 0 -0.9999971 0.002411029 0 0.9028678 0.4299182 0 0.9028678 0.4299182 0 -0.902033 -0.4316671 0 -0.902033 -0.4316671 -1 0 0 -1 0 0 -1 0 0 1 0 0 1 0 0 1 0 0 -0.7071068 -0.7071068 0 0 0 1 -0.7071068 -0.7071068 0 0 0 -1 -1 0 0 -0.7071068 -0.7071068 0 0 0 -1 0.7071068 -0.7071068 0 0 0 1 0.7071068 -0.7071068 0 0.7071068 -0.7071068 0 1 0 0 0 0.9028678 0.4299182 0 0 -1 0 0.9754148 0.220377 1 0 0 0 0.9028678 0.4299182 0 0.9754148 0.220377 -1 0 0 0 -0.9999971 0.002411029 0 -0.9754701 -0.2201316 0 -0.9999971 0.002411029 0 -0.4379486 0.899 0 -0.9754701 -0.2201316 0 1 0 0 1 0 0 -0.9999971 0.002411029 0 -0.9999971 0.002411029 0 0.9028678 0.4299182 0 0.9028678 0.4299182 0 -0.902033 -0.4316671 0 -0.902033 -0.4316671 -1 0 0 -1 0 0 -1 0 0 1 0 0 1 0 0 1 0 0 0 0 -1 0 0 -1 0 0 1 0 1 0 0 0 1 0 1 0 0 0.3826815 0.9238803 0 0.9238803 0.3826815 0 0.9238803 0.3826815 0 0.3826815 0.9238803 0 0.7071068 -0.7071068 0 0.7071068 -0.7071068 0 0 -1 0 0 -1 0 1 0 0 1 0 0 0 1 0 0 1 0 0.9238803 0.3826815 0 0.9238803 0.3826815 0 0.3826815 0.9238803 0 0.3826815 0.9238803 0 0.7071068 -0.7071068 0 0.7071068 -0.7071068 0 0 -1 0 0 -1 0 0 -1 0 0 -1 0 1 0 0 1 0 0 1 0 0 1 0 0 1 0 0 1 0 0 0 1 0 0 1 0 -0.04202405 0.9991166 0 -0.04202405 0.9991166 0 0 1 0 0 1 0 0.9198036 0.3923792 0 0.9198036 0.3923792 0 0.3799883 0.9249913 0 0.3799883 0.9249913 0 0.3826815 0.9238803 0 0.3826815 0.9238803 0 0.3826815 0.9238803 0 0.3826815 0.9238803 0 0.9238803 0.3826815 0 0.9238803 0.3826815 0 0.3826815 0.9238803 0 0 1 0 0 1 0 0.3826815 0.9238803 -0.7071068 -0.7071068 0 -0.7071068 -0.7071068 0 0.7071068 -0.7071068 0 0.7071068 -0.7071068 0 -0.7071068 -0.7071068 0 0.7071068 -0.7071068 0 0 0 1 0 0 1 0 0 1 0 0 1 0 0 -1 0 0 -1 -1 0 0 -1 0 0 -1 0 0 -1 0 0 -1 0 0 -1 0 0 -1 0 0 1 0 0 1 0 0 1 0 0 1 0 0 1 0 0 1 0 0 1 0 0 0 -0.4379486 0.899 0 -0.4379486 0.899 0 -0.4379486 0.899 0 0 -1 0 0 -1 0 0 -1 -1 0 0 -1 0 0 0 1 0 0 1 0 1 0 0 1 0 0 0 -0.902033 -0.4316671 0 -0.902033 -0.4316671 0 0 -1 0 0 -1 1 0 0 1 0 0 -1 0 0 -1 0 0 -0.7071068 -0.7071068 0 -0.7071068 -0.7071068 0 0.7071068 -0.7071068 0 0.7071068 -0.7071068 0 -0.7071068 -0.7071068 0 0.7071068 -0.7071068 0 0 0 1 0 0 1 0 0 1 0 0 1 0 0 -1 0 0 -1 -1 0 0 -1 0 0 -1 0 0 -1 0 0 -1 0 0 -1 0 0 -1 0 0 1 0 0 1 0 0 1 0 0 1 0 0 1 0 0 1 0 0 1 0 0 0 -0.4379486 0.899 0 -0.4379486 0.899 0 -0.4379486 0.899 0 0 -1 0 0 -1 0 0 -1 -1 0 0 -1 0 0 0 1 0 0 1 0 1 0 0 1 0 0 0 -0.902033 -0.4316671 0 -0.902033 -0.4316671 0 0 -1 0 0 -1 1 0 0 1 0 0 -1 0 0 -1 0 0 0 0.9238803 0.3826815 0 0.9238803 0.3826815 0 0.9238803 0.3826815 0 0.9238803 0.3826815 0 0.7071068 -0.7071068 0 0.7071068 -0.7071068 0 0.7071068 -0.7071068 0 0.7071068 -0.7071068 0 1 0 0 1 0 0 1 0 0 1 0  
			<Tangents>: 272 1 0 0 1 0 0 1 0 1.592435E-07 1 0 0 1 -1.289128E-07 0 1 0 0 1 0 0 1 0 0 1 0 0 1 0 1.589038E-07 1 0 0 1 0 0 1 0 0 1 0 0 1 0 0 1 0 0 1 0 0 1 0 0 1 0 0 1 0 0 1 0 0 1 0 0 1 0 0 1 -5.515552E-08 1.32798E-07 1 -1.609282E-09 3.874672E-09 1 0 0 1 -1.116446E-07 4.624446E-08 1 0 0 1 -4.838582E-09 1.168144E-08 1 -1.610557E-09 6.671106E-10 1 1.116451E-07 -4.624463E-08 1 -5.494028E-08 1.326383E-07 1 3.239869E-09 -7.821783E-09 1 1.610541E-09 -6.671041E-10 1 -8.561376E-08 3.546218E-08 1 0 0 1 0 0 1 -1.941959E-08 8.043812E-09 5.540605E-07 -5.540605E-07 1 -1 1.447195E-06 0 -2.235174E-08 2.235174E-08 1 0 -1 0 0 1.425012E-07 1 9.570511E-08 -9.570512E-08 1 0 -1 0 2.235174E-08 2.235174E-08 1 -1 0 0 -9.454134E-07 -9.454135E-07 1 1.37673E-07 1.37673E-07 1 0 -3.297474E-07 1 0 -0.4299182 0.9028679 -1 0 0 0 -0.220377 0.9754148 0 -4.15411E-07 1 -5.435107E-08 -0.4299182 0.9028679 0 -0.220377 0.9754148 0 -0.4300215 0.9028186 -3.61812E-07 0.002411029 0.9999971 0.000105906 -0.2201316 0.9754702 -2.725728E-05 0.002411029 0.9999971 -1 0 0 0.0007421036 -0.2201316 0.9754699 0 0 1 7.032012E-08 0 1 -0.0001029827 0.002411029 0.9999971 -1.768314E-06 0.002411029 0.9999971 -2.485432E-07 -0.4299182 0.9028679 -3.018342E-07 -0.4299182 0.9028679 -4.836931E-06 -0.4316671 0.902033 -9.080356E-05 -0.4316671 0.902033 0 -3.892912E-07 1 0 -1.712937E-06 1 0 8.494953E-08 1 0 4.533662E-07 1 0 -2.553448E-06 1 0 -2.438319E-07 1 5.540605E-07 -5.540605E-07 1 -1 1.447195E-06 0 -2.235174E-08 2.235174E-08 1 0 -1 0 0 1.425012E-07 1 9.570511E-08 -9.570512E-08 1 0 -1 0 2.235174E-08 2.235174E-08 1 -1 0 0 -9.454134E-07 -9.454135E-07 1 1.37673E-07 1.37673E-07 1 0 -3.297474E-07 1 0 -0.4299182 0.9028679 -1 0 0 0 -0.220377 0.9754148 0 -4.15411E-07 1 -5.435106E-08 -0.4299182 0.9028679 0 -0.220377 0.9754148 0 -0.4300215 0.9028186 -3.61812E-07 0.002411029 0.9999971 0.000105906 -0.2201316 0.9754702 -2.725727E-05 0.002411029 0.9999971 -1 0 0 0.0007421036 -0.2201316 0.9754699 0 0 1 7.032011E-08 0 1 -0.0001029827 0.002411029 0.9999971 -1.768314E-06 0.002411029 0.9999971 -2.485432E-07 -0.4299182 0.9028679 -3.018342E-07 -0.4299182 0.9028679 -4.836931E-06 -0.4316671 0.902033 -9.080355E-05 -0.4316671 0.902033 0 -3.892912E-07 1 0 -1.712937E-06 1 0 8.494953E-08 1 0 4.533662E-07 1 0 -2.553448E-06 1 0 -2.438319E-07 1 1 -5.965421E-07 0 1 0 0 1 3.924003E-07 0 1 0 3.994845E-07 1 0 0 1 0 0 1 2.075973E-07 -8.598912E-08 1 -1.740459E-07 4.201865E-07 1 0 0 1 0 0 1 0 0 1 3.242711E-08 3.242711E-08 1 -4.040078E-07 0 1 -1.057363E-07 0 1 0 -2.229395E-07 1 0 2.461383E-07 1 1.877208E-07 0 1 -1.96199E-07 0 1 0 0 1 7.061883E-08 -1.704899E-07 1 1.590456E-07 -6.587846E-08 1 -1.254968E-07 5.198216E-08 1 1.621354E-08 1.621354E-08 1 -1.621358E-08 -1.621358E-08 1 -8.495684E-07 0 1 -3.978839E-08 0 1 -2.991111E-07 0 1 -1.392591E-07 0 1 0 6.308794E-08 1 0 3.175817E-08 1 0 -1.566491E-08 1 0 1.566486E-08 1 0 0 1 0 0 1 0 0 1 -1.289127E-07 0 1 0 0 1 0 0 1 0 0 1 1.289132E-07 0 1 0 0 1 0 0 1 0 0 1 -8.54694E-08 3.511101E-08 1 -7.791906E-08 3.227494E-08 1 -2.38958E-10 9.897909E-11 1 8.574282E-08 -3.551563E-08 1 -8.521338E-08 3.529633E-08 1 -3.213837E-08 7.758934E-08 1 0 0 1 0 0 1 0 0 1 0 0 1 0 0 -2.185569E-08 2.185569E-08 1 -2.185569E-08 2.185569E-08 1 2.185569E-08 2.185569E-08 1 2.185569E-08 2.185569E-08 1 -2.185569E-08 2.185569E-08 1 2.185569E-08 2.185569E-08 1 -1 1.500821E-06 0 -1 0 0 -1 1.699962E-06 0 -1 5.256974E-07 0 0 -1 0 0 -1 0 0 3.545325E-06 1 0 0.0001529502 1 0 -0.2601835 0.9655592 0 -0.2613708 0.9652385 0 -0.4315268 0.9021001 0 -0.4316689 0.9020321 0 -0.4299335 0.9028605 0 0.002388271 0.9999971 0 0.002486656 0.9999969 0 0.0001522049 1 0 -0.4299142 0.9028698 0 -0.4299363 0.9028593 0 -0.2636726 0.9646122 0 -0.2615609 0.965187 -1 0 0 -1 0 0 -1 0 0 -1 0 0 -1 0 0 -1 0 0 0 0.002283169 0.9999974 0 0.00242752 0.9999971 2.826888E-07 0 1 3.539764E-07 0 1 0 -0.4317237 0.9020059 0 -0.431822 0.9019588 9.36873E-05 -0.4316671 0.902033 0.0001142062 -0.4316671 0.902033 0 -1 0 0 -1 0 0 -6.51063E-06 1 0 3.925046E-07 1 0 -6.51063E-06 1 0 -3.163062E-07 1 -2.185569E-08 2.185569E-08 1 -2.185569E-08 2.185569E-08 1 2.185569E-08 2.185569E-08 1 2.185569E-08 2.185569E-08 1 -2.185569E-08 2.185569E-08 1 2.185569E-08 2.185569E-08 1 -1 1.500821E-06 0 -1 0 0 -1 1.699962E-06 0 -1 5.256974E-07 0 0 -1 0 0 -1 0 0 3.545325E-06 1 0 0.0001529502 1 0 -0.2601835 0.9655592 0 -0.2613708 0.9652385 0 -0.4315268 0.9021001 0 -0.4316689 0.9020321 0 -0.4299335 0.9028605 0 0.002388271 0.9999971 0 0.002486656 0.9999969 0 0.0001522049 1 0 -0.4299142 0.9028698 0 -0.4299363 0.9028593 0 -0.2636726 0.9646122 0 -0.2615609 0.965187 -1 0 0 -1 0 0 -1 0 0 -1 0 0 -1 0 0 -1 0 0 0 0.002283169 0.9999974 0 0.00242752 0.9999971 2.826887E-07 0 1 3.539764E-07 0 1 0 -0.4317237 0.9020059 0 -0.431822 0.9019588 9.36873E-05 -0.4316671 0.902033 0.0001142061 -0.4316671 0.902033 0 -1 0 0 -1 0 0 -6.51063E-06 1 0 3.925046E-07 1 0 -6.51063E-06 1 0 -3.163062E-07 1 1 5.229323E-08 -1.262478E-07 1 -1.06543E-07 2.57219E-07 1 0 0 1 -7.882087E-08 1.902915E-07 1 0 0 1 -2.113479E-07 -2.113479E-07 1 -5.916443E-08 -5.916442E-08 1 -4.818625E-07 -4.818625E-07 1 0 -1.896296E-08 1 0 1.896294E-08 1 0 3.792591E-08 1 0 0  
			<BiTangents>: 272 0 0 1 0 0 1 -1.592435E-07 0 1 0 0 1 -1.289128E-07 -1 0 0 -0.9999925 -0.00387594 0 -1 0 0 -0.9999925 -0.00387594 0 0 1 -1.589038E-07 0 1 0 0 1 0 0 1 0 0 1 0 0 1 0 -0.9238803 0.3826815 0 -0.3826815 0.9238803 0 -0.3826815 0.9238803 0 -0.9238803 0.3826815 0 -0.9354925 0.3533466 0 -0.3923792 0.9198036 0 -0.3923792 0.9198036 0 -0.9354925 0.3533466 0 -0.9249913 0.3799883 -1.437966E-07 -0.3835663 0.9235134 -4.195578E-09 -0.3835663 0.9235134 0 -0.9249913 0.3799883 -1.208432E-07 -0.9238803 0.3826815 0 -0.3826815 0.9238803 -1.264389E-08 -0.3826815 0.9238803 -1.743252E-09 -0.9238803 0.3826815 1.208436E-07 -0.9238803 0.3826815 -1.435666E-07 -0.3826815 0.9238803 8.46623E-09 -0.3826815 0.9238803 1.743236E-09 -0.9238803 0.3826815 -9.266759E-08 -0.9238803 0.3826815 0 -0.3826815 0.9238803 0 -0.3826815 0.9238803 -2.10196E-08 -0.9238803 0.3826815 -0.7071068 0.7071068 7.835598E-07 1.447195E-06 1 0 -0.7071068 0.7071068 -3.161013E-08 1 0 0 0 1 -1.425012E-07 -0.7071068 0.7071068 1.353475E-07 1 0 0 0.7071068 0.7071068 -3.161013E-08 0 1 0 0.7071068 0.7071068 1.337017E-06 0.7071068 0.7071068 -1.94699E-07 0 1 3.297474E-07 -1 0 0 0 -1 0 -1 0 0 0 1 4.15411E-07 -1 2.336651E-08 -4.907183E-08 -1 0 0 0 0.9028186 0.4300215 1 8.723391E-10 3.61811E-07 1 2.331325E-05 -0.0001033081 1 6.571808E-08 2.72572E-05 0 0.899 0.4379486 0.9999997 0.0001633605 -0.0007239 -1 0 0 -1 0 7.032012E-08 1 2.482944E-07 0.0001029825 1 4.263456E-09 1.768309E-06 -1 1.068533E-07 -2.244017E-07 -1 1.29764E-07 -2.725164E-07 1 -2.087944E-06 4.363071E-06 1 -3.919691E-05 8.19078E-05 0 1 3.892912E-07 0 1 1.712937E-06 0 1 -8.494953E-08 0 1 -4.533662E-07 0 1 2.553448E-06 0 1 2.438319E-07 -0.7071068 0.7071068 7.835598E-07 1.447195E-06 1 0 -0.7071068 0.7071068 -3.161013E-08 1 0 0 0 1 -1.425012E-07 -0.7071068 0.7071068 1.353475E-07 1 0 0 0.7071068 0.7071068 -3.161013E-08 0 1 0 0.7071068 0.7071068 1.337017E-06 0.7071068 0.7071068 -1.94699E-07 0 1 3.297474E-07 -1 0 0 0 -1 0 -1 0 0 0 1 4.15411E-07 -1 2.336651E-08 -4.907183E-08 -1 0 0 0 0.9028186 0.4300215 1 8.723391E-10 3.618109E-07 1 2.331325E-05 -0.0001033081 1 6.571807E-08 2.725719E-05 0 0.899 0.4379486 0.9999997 0.0001633605 -0.0007238999 -1 0 0 -1 0 7.032011E-08 1 2.482944E-07 0.0001029824 1 4.263456E-09 1.768309E-06 -1 1.068532E-07 -2.244017E-07 -1 1.29764E-07 -2.725164E-07 1 -2.087944E-06 4.363071E-06 1 -3.919691E-05 8.19078E-05 0 1 3.892912E-07 0 1 1.712937E-06 0 1 -8.494953E-08 0 1 -4.533662E-07 0 1 2.553448E-06 0 1 2.438319E-07 -5.965421E-07 -1 0 0 -1 0 3.924003E-07 -1 0 -3.994845E-07 0 1 0 -1 0 0 0 1 2.247015E-07 -0.9238803 0.3826815 -4.548062E-07 -0.3826815 0.9238803 0 -0.3826815 0.9238803 0 -0.9238803 0.3826815 0 0.7071068 0.7071068 -4.585885E-08 0.7071068 0.7071068 -4.040078E-07 -1 0 -1.057363E-07 -1 0 2.229395E-07 0 1 -2.461383E-07 0 1 1.877208E-07 -1 0 -1.96199E-07 -1 0 0 -0.3826815 0.9238803 1.845368E-07 -0.3826815 0.9238803 1.721496E-07 -0.9238803 0.3826815 -1.358366E-07 -0.9238803 0.3826815 -2.292941E-08 0.7071068 0.7071068 2.292947E-08 0.7071068 0.7071068 -8.495684E-07 -1 0 -3.978839E-08 -1 0 -2.991111E-07 -1 0 -1.392591E-07 -1 0 -6.308794E-08 0 1 -3.175817E-08 0 1 1.566491E-08 0 1 -1.566486E-08 0 1 0 0 1 0 0 1 0 -1 0 -1.289127E-07 -1 0 0 -0.9991166 -0.04202405 0 -0.9991166 -0.04202405 0 -1 0 1.289132E-07 -1 0 0 -0.3923792 0.9198036 0 -0.3923792 0.9198036 0 -0.9249913 0.3799883 -9.240022E-08 -0.9249913 0.3799883 -8.433891E-08 -0.9238803 0.3826815 -2.586461E-10 -0.9238803 0.3826815 9.280728E-08 -0.9238803 0.3826815 -9.223422E-08 -0.9238803 0.3826815 -8.398203E-08 -0.3826815 0.9238803 0 -0.3826815 0.9238803 0 -0.9238803 0.3826815 0 -1 0 0 -1 0 0 -0.9238803 0.3826815 0.7071068 -0.7071068 3.090862E-08 0.7071068 -0.7071068 3.090862E-08 0.7071068 0.7071068 -3.090862E-08 0.7071068 0.7071068 -3.090862E-08 0.7071068 -0.7071068 3.090862E-08 0.7071068 0.7071068 -3.090862E-08 1.500821E-06 1 0 0 1 0 1.699962E-06 1 0 5.256974E-07 1 0 1 0 0 1 0 0 0 1 -3.545325E-06 0 1 -0.0001529502 0 0.9655592 0.2601835 0 0.9652385 0.2613708 0 0.9021001 0.4315268 0 0.9020321 0.4316689 0 0.9028605 0.4299335 0 0.9999971 -0.002388271 0 0.9999969 -0.002486656 0 1 -0.0001522049 0 0.9028698 0.4299142 0 0.9028593 0.4299363 0 0.9646122 0.2636726 0 0.965187 0.2615609 0 0.899 0.4379486 0 0.899 0.4379486 0 0.899 0.4379486 0 -1 0 0 -1 0 0 -1 0 0 0.9999974 -0.002283169 0 0.9999971 -0.00242752 -1 0 2.826888E-07 -1 0 3.539764E-07 0 0.9020059 0.4317237 0 0.9019588 0.431822 1 4.044173E-05 -8.450904E-05 1 4.929904E-05 -0.0001030177 1 0 0 1 0 0 0 1 6.51063E-06 0 1 -3.925046E-07 0 1 6.51063E-06 0 1 3.163062E-07 0.7071068 -0.7071068 3.090862E-08 0.7071068 -0.7071068 3.090862E-08 0.7071068 0.7071068 -3.090862E-08 0.7071068 0.7071068 -3.090862E-08 0.7071068 -0.7071068 3.090862E-08 0.7071068 0.7071068 -3.090862E-08 1.500821E-06 1 0 0 1 0 1.699962E-06 1 0 5.256974E-07 1 0 1 0 0 1 0 0 0 1 -3.545325E-06 0 1 -0.0001529502 0 0.9655592 0.2601835 0 0.9652385 0.2613708 0 0.9021001 0.4315268 0 0.9020321 0.4316689 0 0.9028605 0.4299335 0 0.9999971 -0.002388271 0 0.9999969 -0.002486656 0 1 -0.0001522049 0 0.9028698 0.4299142 0 0.9028593 0.4299363 0 0.9646122 0.2636726 0 0.965187 0.2615609 0 0.899 0.4379486 0 0.899 0.4379486 0 0.899 0.4379486 0 -1 0 0 -1 0 0 -1 0 0 0.9999974 -0.002283169 0 0.9999971 -0.00242752 -1 0 2.826887E-07 -1 0 3.539764E-07 0 0.9020059 0.4317237 0 0.9019588 0.431822 1 4.044173E-05 -8.450903E-05 1 4.929904E-05 -0.0001030177 1 0 0 1 0 0 0 1 6.51063E-06 0 1 -3.925046E-07 0 1 6.51063E-06 0 1 3.163062E-07 1.366495E-07 -0.3826815 0.9238803 -2.784116E-07 -0.3826815 0.9238803 0 -0.3826815 0.9238803 -2.059699E-07 -0.3826815 0.9238803 0 -0.7071068 -0.7071068 -2.98891E-07 -0.7071068 -0.7071068 -8.367113E-08 -0.7071068 -0.7071068 -6.814564E-07 -0.7071068 -0.7071068 1.896296E-08 0 1 -1.896294E-08 0 1 -3.792591E-08 0 1 0 0 1  
			<SubMeshes>: 1
				<SubMesh>: 0 618 16 15 12 16 12 13 25 7 5 25 5 22 28 27 146 28 146 147 32 31 9 32 9 11 37 148 149 37 149 34 36 35 8 36 8 10 20 19 0 20 0 1 24 23 2 24 2 3 21 150 151 21 151 18 29 6 4 29 4 26 33 152 153 33 153 30 16 17 14 16 14 15 154 21 18 154 18 155 24 156 157 24 157 23 28 158 159 28 159 27 32 160 161 32 161 31 162 37 34 162 34 163 164 165 166 164 166 167 70 40 43 70 43 72 72 43 38 72 38 71 73 75 48 73 48 45 75 74 47 75 47 48 168 169 170 168 170 171 169 172 173 169 173 170 174 175 176 174 176 177 178 41 44 178 44 179 66 50 54 66 54 67 62 52 55 62 55 63 68 58 61 68 61 69 64 57 59 64 59 65 180 181 182 180 182 183 184 185 56 184 56 186 187 188 189 187 189 53 190 191 192 190 192 193 194 195 60 194 60 196 197 198 199 197 199 51 193 192 188 193 188 187 200 201 181 200 181 180 58 64 65 58 65 61 202 62 63 202 63 203 204 205 191 204 191 190 183 182 185 183 185 184 206 68 69 206 69 207 52 66 67 52 67 55 208 178 179 208 179 209 39 174 177 39 177 46 49 210 74 49 74 75 211 49 75 211 75 73 42 72 71 42 71 212 213 70 72 213 72 42 108 78 81 108 81 110 110 81 76 110 76 109 111 113 86 111 86 83 113 112 85 113 85 86 214 215 216 214 216 217 215 218 219 215 219 216 220 221 222 220 222 223 224 79 82 224 82 225 104 88 92 104 92 105 100 90 93 100 93 101 106 96 99 106 99 107 102 95 97 102 97 103 226 227 228 226 228 229 230 231 94 230 94 232 233 234 235 233 235 91 236 237 238 236 238 239 240 241 98 240 98 242 243 244 245 243 245 89 239 238 234 239 234 233 246 247 227 246 227 226 96 102 103 96 103 99 248 100 101 248 101 249 250 251 237 250 237 236 229 228 231 229 231 230 252 106 107 252 107 253 90 104 105 90 105 93 254 224 225 254 225 255 77 220 223 77 223 84 87 256 112 87 112 113 257 87 113 257 113 111 80 110 109 80 109 258 259 108 110 259 110 80 141 127 114 141 114 138 133 121 117 133 117 128 134 130 116 134 116 120 260 134 120 260 120 261 145 137 125 145 125 143 142 124 136 142 136 144 144 136 137 144 137 145 122 123 135 122 135 132 132 135 134 132 134 260 123 118 131 123 131 135 135 131 130 135 130 134 262 263 129 262 129 119 263 133 128 263 128 129 139 115 126 139 126 140 140 126 127 140 127 141 264 140 141 264 141 265 266 139 140 266 140 264 265 141 138 265 138 267 268 144 145 268 145 269 270 142 144 270 144 268 269 145 143 269 143 271  
		</Mesh>
		<Materials>: 1
			<Material>: 0
				<AlbedoColor>: 1 1 1 1
				<EmissiveColor>: 0 0 0 0
				<Glossiness>: 0
				<Metallic>: 0
				<SpecularHighlight>: 1
				<GlossyReflection>: 1
				<AlbedoMap>: BLD_Structures2_A
				<MetallicMap>: BLD_Structures2_MS
				<NormalMap>: BLD_Structures2_N
				<EmissionMap>: null
				<DetailAlbedoMap>: DET_Concrete1_A
				<DetailNormalMap>: DET_Concrete1_N
		</Materials>
		<Children>: 10
			<Frame>: 1 0 Struct_ExtStairs_B_LOD0
				<Transform>: 0 0 0 2.504478E-06 0 0 1 1 1 2.185569E-08 0 0 1  
				<TransformMatrix>: 1 0 0 0 0 1 4.371139E-08 0 0 -4.371139E-08 1 0 0 0 0 1  
				<Mesh>: 272 Struct_ExtStairs_B_LOD0
					<Bounds>: -3.300268 0.598933 2.044696 3.324607 0.6010672 2.055305
					<Positions>: 272 -0.4429787 0.4530541 2.753517 -6.196748 0.4530541 2.753517 -0.4429787 0.303054 3.097204 -6.196748 0.303054 3.097204 -0.4429787 0.003053979 3.653518 -0.4429787 0.1530541 3.402936 -6.196748 0.003053979 3.653518 -6.196748 0.1530541 3.402936 -0.4429787 0.753054 2.203518 -0.4429787 0.9030538 1.897885 -6.196748 0.753054 2.203518 -6.196748 0.9030538 1.897885 -0.4429787 0.6030539 2.453518 -6.196748 0.6030539 2.453518 -0.4429787 0.5834554 2.753517 -0.4429787 0.6030541 2.733919 -6.196748 0.6030541 2.733919 -6.196748 0.5834554 2.753517 -0.4429787 0.4334728 3.102694 -0.4429787 0.4530541 3.08392 -6.196748 0.4530541 3.08392 -6.196748 0.4334728 3.102694 -0.4429787 0.2834555 3.403442 -0.4429787 0.3030542 3.383919 -6.196748 0.3030542 3.383919 -6.196748 0.2834555 3.403442 -0.4429787 0.1334554 3.653518 -0.4429787 0.1530541 3.633919 -6.196748 0.1530541 3.633919 -6.196748 0.1334554 3.653518 -0.4429787 0.8834551 2.203518 -0.4429787 0.9030538 2.183919 -6.196748 0.9030538 2.183919 -6.196748 0.8834551 2.203518 -0.4429787 0.7334552 2.453518 -0.4429787 0.753054 2.433919 -6.196748 0.753054 2.433919 -6.196748 0.7334552 2.453518 -6.599999 1.704744E-07 3.900001 -6.599999 0.2000002 3.900001 -6.599999 1.065814E-14 2.384186E-07 -6.599999 1.1 2.384186E-07 -6.599999 1.1 2 -6.599999 8.742278E-08 2 -5.999999 1.1 2.384186E-07 -5.999999 1.065814E-14 2.384186E-07 -5.999999 0.2000002 3.900001 -5.999999 1.704744E-07 3.900001 -5.999999 8.742278E-08 2 -5.999999 1.1 2 -6.624875 0.2000002 4.1 -6.624875 1.2 -0.01060843 -6.624875 1.2 2 -5.975661 1.2 -0.01060843 -5.975661 0.2000002 4.1 -5.975661 1.2 2 -6.624875 0.03221495 4.018264 -6.624875 1.013361 -0.01060843 -6.624875 1.01814 1.958061 -5.975661 1.013361 -0.01060843 -5.975661 0.03221495 4.018264 -5.975661 1.01814 1.958061 -6.624875 1.2 1.97271 -5.975661 1.2 1.97271 -6.624875 1.018075 1.93134 -5.975661 1.018075 1.93134 -6.624875 1.180495 2.040961 -5.975661 1.180495 2.040961 -6.624875 0.9989094 1.998246 -5.975661 0.9989094 1.998246 -6.599999 0.165 2.384186E-07 -6.599999 0.03000018 3.900001 -6.599999 0.1650001 2 -5.999999 0.165 2.384186E-07 -5.999999 0.03000018 3.900001 -5.999999 0.1650001 2 -0.5999993 1.704744E-07 3.900001 -0.5999993 0.2000002 3.900001 -0.5999993 1.065814E-14 2.384186E-07 -0.5999993 1.1 2.384186E-07 -0.5999993 1.1 2 -0.5999993 8.742278E-08 2 1.035631E-06 1.1 2.384186E-07 1.035631E-06 1.065814E-14 2.384186E-07 1.035631E-06 0.2000002 3.900001 1.035631E-06 1.704744E-07 3.900001 1.035631E-06 8.742278E-08 2 1.035631E-06 1.1 2 -0.6248749 0.2000002 4.1 -0.6248749 1.2 -0.01060843 -0.6248749 1.2 2 0.0243388 1.2 -0.01060843 0.0243388 0.2000002 4.1 0.0243388 1.2 2 -0.6248749 0.03221495 4.018264 -0.6248749 1.013361 -0.01060843 -0.6248749 1.01814 1.958061 0.0243388 1.013361 -0.01060843 0.0243388 0.03221495 4.018264 0.0243388 1.01814 1.958061 -0.6248749 1.2 1.97271 0.0243388 1.2 1.97271 -0.6248749 1.018075 1.93134 0.0243388 1.018075 1.93134 -0.6248749 1.180495 2.040961 0.0243388 1.180495 2.040961 -0.6248749 0.9989094 1.998246 0.0243388 0.9989094 1.998246 -0.5999993 0.165 2.384186E-07 -0.5999993 0.03000018 3.900001 -0.5999993 0.1650001 2 1.035631E-06 0.165 2.384186E-07 1.035631E-06 0.03000018 3.900001 1.035631E-06 0.1650001 2 -6.196748 -0.002134204 0.01833217 -0.4429787 -0.002134204 0.01833217 -0.4429787 0.8505421 1.998091 -0.4429787 1.000542 1.692459 -6.196748 0.8505421 1.998091 -6.196748 1.000542 1.692459 -0.4429787 0.9809432 1.998091 -0.4429787 1.000542 1.978492 -6.196748 1.000542 1.978492 -6.196748 0.9809432 1.998091 -0.4429787 1.000542 0.01833212 -6.196748 1.000542 0.01833212 -2.360902 -0.002134204 0.01833217 -4.278825 -0.002134204 0.01833217 -2.360902 1.000542 1.692459 -4.278825 1.000542 1.692459 -2.360902 0.8505421 1.998091 -4.278825 0.8505421 1.998091 -4.278825 1.000542 1.978492 -2.360902 1.000542 1.978492 -2.360902 0.9809432 1.998091 -4.278825 0.9809432 1.998091 -2.360902 1.000542 0.01833212 -4.278825 1.000542 0.01833212 -6.196748 0.947091 0.01833213 -0.4429787 0.947091 0.01833213 -2.360902 0.947091 0.01833213 -4.278825 0.947091 0.01833213 -0.4429787 1.000542 0.1257725 -6.196748 1.000542 0.1257725 -2.360902 1.000542 0.1257725 -4.278825 1.000542 0.1257725 -0.4429787 0.1530541 3.402936 -6.196748 0.1530541 3.402936 -6.196748 0.6030539 2.453518 -0.4429787 0.6030539 2.453518 -6.196748 0.303054 3.097204 -0.4429787 0.303054 3.097204 -6.196748 0.753054 2.203518 -0.4429787 0.753054 2.203518 -6.196748 0.4530541 3.08392 -0.4429787 0.4530541 3.08392 -6.196748 0.2834555 3.403442 -0.4429787 0.2834555 3.403442 -6.196748 0.1334554 3.653518 -0.4429787 0.1334554 3.653518 -6.196748 0.8834551 2.203518 -0.4429787 0.8834551 2.203518 -6.196748 0.753054 2.433919 -0.4429787 0.753054 2.433919 -6.196748 0.5834554 2.753517 -6.196748 0.4530541 2.753517 -0.4429787 0.4530541 2.753517 -0.4429787 0.5834554 2.753517 -6.599999 1.704744E-07 3.900001 -6.599999 8.742278E-08 2 -5.999999 8.742278E-08 2 -5.999999 1.704744E-07 3.900001 -6.599999 1.065814E-14 2.384186E-07 -5.999999 1.065814E-14 2.384186E-07 -6.599999 0.03000018 3.900001 -6.599999 1.704744E-07 3.900001 -5.999999 1.704744E-07 3.900001 -5.999999 0.03000018 3.900001 -6.599999 0.165 2.384186E-07 -5.999999 0.165 2.384186E-07 -6.624875 1.2 1.97271 -6.624875 1.018075 1.93134 -6.624875 1.01814 1.958061 -6.624875 1.2 2 -6.624875 1.180495 2.040961 -6.624875 0.9989094 1.998246 -6.624875 0.2000002 4.1 -5.975661 1.2 1.97271 -5.975661 1.018075 1.93134 -5.975661 1.013361 -0.01060843 -5.975661 1.180495 2.040961 -5.975661 0.9989094 1.998246 -5.975661 1.01814 1.958061 -5.975661 1.2 2 -6.624875 0.2000002 4.1 -6.624875 0.03221495 4.018264 -5.975661 0.2000002 4.1 -5.975661 1.2 -0.01060843 -5.975661 1.013361 -0.01060843 -6.624875 1.013361 -0.01060843 -6.624875 1.2 -0.01060843 -6.624875 1.013361 -0.01060843 -6.624875 1.2 -0.01060843 -5.975661 1.2 -0.01060843 -5.975661 0.2000002 4.1 -5.975661 0.03221495 4.018264 -6.624875 0.03221495 4.018264 -5.975661 0.03221495 4.018264 -6.599999 1.065814E-14 2.384186E-07 -5.999999 1.065814E-14 2.384186E-07 -5.999999 0.2000002 3.900001 -5.999999 1.1 2.384186E-07 -6.599999 0.2000002 3.900001 -6.599999 1.1 2.384186E-07 -0.5999993 1.704744E-07 3.900001 -0.5999993 8.742278E-08 2 1.035631E-06 8.742278E-08 2 1.035631E-06 1.704744E-07 3.900001 -0.5999993 1.065814E-14 2.384186E-07 1.035631E-06 1.065814E-14 2.384186E-07 -0.5999993 0.03000018 3.900001 -0.5999993 1.704744E-07 3.900001 1.035631E-06 1.704744E-07 3.900001 1.035631E-06 0.03000018 3.900001 -0.5999993 0.165 2.384186E-07 1.035631E-06 0.165 2.384186E-07 -0.6248749 1.2 1.97271 -0.6248749 1.018075 1.93134 -0.6248749 1.01814 1.958061 -0.6248749 1.2 2 -0.6248749 1.180495 2.040961 -0.6248749 0.9989094 1.998246 -0.6248749 0.2000002 4.1 0.0243388 1.2 1.97271 0.0243388 1.018075 1.93134 0.0243388 1.013361 -0.01060843 0.0243388 1.180495 2.040961 0.0243388 0.9989094 1.998246 0.0243388 1.01814 1.958061 0.0243388 1.2 2 -0.6248749 0.2000002 4.1 -0.6248749 0.03221495 4.018264 0.0243388 0.2000002 4.1 0.0243388 1.2 -0.01060843 0.0243388 1.013361 -0.01060843 -0.6248749 1.013361 -0.01060843 -0.6248749 1.2 -0.01060843 -0.6248749 1.013361 -0.01060843 -0.6248749 1.2 -0.01060843 0.0243388 1.2 -0.01060843 0.0243388 0.2000002 4.1 0.0243388 0.03221495 4.018264 -0.6248749 0.03221495 4.018264 0.0243388 0.03221495 4.018264 -0.5999993 1.065814E-14 2.384186E-07 1.035631E-06 1.065814E-14 2.384186E-07 1.035631E-06 0.2000002 3.900001 1.035631E-06 1.1 2.384186E-07 -0.5999993 0.2000002 3.900001 -0.5999993 1.1 2.384186E-07 -2.360902 1.000542 1.978492 -0.4429787 1.000542 1.978492 -6.196748 1.000542 1.978492 -4.278825 1.000542 1.978492 -2.360902 1.000542 0.01833212 -4.278825 1.000542 0.01833212 -0.4429787 1.000542 0.01833212 -6.196748 1.000542 0.01833212 -2.360902 1.000542 1.692459 -4.278825 1.000542 1.692459 -0.4429787 1.000542 1.692459 -6.196748 1.000542 1.692459  
					<Colors>: 0  
					<TextureCoords0>: 272 0.8548294 0.2377781 0.3405038 0.2377781 0.7718194 0.2377781 0.2574937 0.2377781 0.5997145 0.2065346 0.7718194 0.2065346 0.08538875 0.2065346 0.2574937 0.2065346 0.7718194 0.2377781 0.5997145 0.2377781 0.2574937 0.2377781 0.08538875 0.2377781 0.5997145 0.2377781 0.08538875 0.2377781 0.5997145 0.2168623 0.5997145 0.2197451 0.08538875 0.2197451 0.08538875 0.2168623 0.8548294 0.2168636 0.8548294 0.219555 0.3405038 0.219555 0.3405038 0.2168636 0.7718195 0.2168623 0.7718195 0.2197177 0.2574937 0.2197176 0.2574937 0.2168623 0.5997145 0.2168623 0.5997145 0.2200075 0.08538874 0.2200075 0.08538875 0.2168623 0.5997145 0.2168623 0.5997145 0.2197207 0.08538876 0.2197206 0.08538875 0.2168623 0.7718194 0.2168623 0.7718194 0.2200112 0.2574937 0.2200112 0.2574937 0.2168623 0.5992059 0.3052467 0.5981529 0.2390252 0.427685 0.3052467 0.3422062 0.3052527 0.513695 0.2384987 0.513695 0.3052467 0.3422062 0.2508249 0.427685 0.3052467 0.5134116 0.2390252 0.5992059 0.3052467 0.513695 0.3052467 0.513695 0.2384987 0.5988325 0.250158 0.5126774 0.250178 0.4270005 0.250158 0.2567707 0.2383623 0.5988325 0.3052769 0.4270005 0.3052769 0.5985354 0.250158 0.2569354 0.3052769 0.4270602 0.3052769 0.2569354 0.250203 0.428114 0.2501777 0.4270602 0.250203 0.4246921 0.250158 0.4246921 0.3052769 0.424751 0.3052769 0.4247216 0.2501814 0.4303521 0.250158 0.4303521 0.3052769 0.4304106 0.3052769 0.4303796 0.2501813 0.427685 0.2952345 0.5992059 0.3034263 0.513695 0.2952344 0.427685 0.2952345 0.5992059 0.3034263 0.513695 0.2952346 0.5992059 0.3052467 0.5981529 0.2390252 0.427685 0.3052467 0.3422062 0.3052527 0.513695 0.2384987 0.513695 0.3052467 0.3422062 0.2508249 0.427685 0.3052467 0.5134116 0.2390252 0.5992059 0.3052467 0.513695 0.3052467 0.513695 0.2384987 0.5988325 0.250158 0.5126774 0.250178 0.4270005 0.250158 0.2567707 0.2383623 0.5988325 0.3052769 0.4270005 0.3052769 0.5985354 0.250158 0.2569354 0.3052769 0.4270602 0.3052769 0.2569354 0.250203 0.428114 0.2501777 0.4270602 0.250203 0.4246921 0.250158 0.4246921 0.3052769 0.424751 0.3052769 0.4247216 0.2501814 0.4303521 0.250158 0.4303521 0.3052769 0.4304106 0.3052769 0.4303796 0.2501813 0.427685 0.2952345 0.5992059 0.3034263 0.513695 0.2952344 0.427685 0.2952345 0.5992059 0.3034263 0.513695 0.2952346 0.5571061 0.7451431 0.8894171 0.7451432 0.5997145 0.2065346 0.5997145 0.2377781 0.08538875 0.2065346 0.08538875 0.2377781 0.5997145 0.2168623 0.5997145 0.2197207 0.08538876 0.2197206 0.08538875 0.2168623 0.8899394 0.9069405 0.5576285 0.9069405 0.7786468 0.7451432 0.6678764 0.7451431 0.4282725 0.2377781 0.2568306 0.2377781 0.4282725 0.2065347 0.2568306 0.2065346 0.2568307 0.2197206 0.4282725 0.2197206 0.4282725 0.2168623 0.2568306 0.2168623 0.7791691 0.9069405 0.6683987 0.9069405 0.5571061 0.8063633 0.8894171 0.8063634 0.7786468 0.8063633 0.6678764 0.8063633 0.8899394 0.9007342 0.5576285 0.9007342 0.7791691 0.9007342 0.6683987 0.9007342 0.5997145 0.2377781 0.08538875 0.2377781 0.2574937 0.2065346 0.7718194 0.2065346 0.3405038 0.2065346 0.8548294 0.2065346 0.08538875 0.2065346 0.5997145 0.2065346 0.3405038 0.219555 0.8548294 0.219555 0.2574937 0.2168623 0.7718195 0.2168623 0.08538875 0.2168623 0.5997145 0.2168623 0.08538875 0.2168623 0.5997145 0.2168623 0.2574937 0.2200112 0.7718194 0.2200112 0.08538875 0.2168623 0.08538875 0.2065346 0.5997145 0.2065346 0.5997145 0.2168623 0.9410596 0.3052527 0.6849067 0.3052527 0.6849067 0.2508249 0.9410596 0.2508249 0.4268682 0.3052527 0.4268682 0.2508249 0.5981529 0.2486436 0.5981529 0.2503409 0.5134116 0.2503409 0.5134116 0.2486435 0.4141689 0.3052527 0.4141689 0.2508249 0.4246899 0.2383623 0.4246899 0.250158 0.4270005 0.250158 0.4270005 0.2383623 0.4303463 0.2383623 0.4303463 0.250158 0.5985354 0.2383623 0.4246899 0.2383622 0.4247216 0.2501814 0.2567707 0.250158 0.4303463 0.2383623 0.4303796 0.2501813 0.4270005 0.250158 0.4270005 0.2383623 0.5126771 0.2382041 0.5126771 0.2501777 0.428114 0.2382041 0.4281143 0.250178 0.428114 0.2382041 0.5126774 0.2382041 0.2567707 0.2383623 0.2567707 0.250158 0.2569354 0.250158 0.2569354 0.3052769 0.5985354 0.2383623 0.5985354 0.250158 0.5988325 0.3052769 0.5988324 0.250203 0.4268682 0.3052527 0.4268682 0.2508249 0.5992059 0.2931105 0.427685 0.2384987 0.5992059 0.2931105 0.427685 0.2384987 0.9410596 0.3052527 0.6849067 0.3052527 0.6849067 0.2508249 0.9410596 0.2508249 0.4268682 0.3052527 0.4268682 0.2508249 0.5981529 0.2486436 0.5981529 0.2503409 0.5134116 0.2503409 0.5134116 0.2486435 0.4141689 0.3052527 0.4141689 0.2508249 0.4246899 0.2383623 0.4246899 0.250158 0.4270005 0.250158 0.4270005 0.2383623 0.4303463 0.2383623 0.4303463 0.250158 0.5985354 0.2383623 0.4246899 0.2383622 0.4247216 0.2501814 0.2567707 0.250158 0.4303463 0.2383623 0.4303796 0.2501813 0.4270005 0.250158 0.4270005 0.2383623 0.5126771 0.2382041 0.5126771 0.2501777 0.428114 0.2382041 0.4281143 0.250178 0.428114 0.2382041 0.5126774 0.2382041 0.2567707 0.2383623 0.2567707 0.250158 0.2569354 0.250158 0.2569354 0.3052769 0.5985354 0.2383623 0.5985354 0.250158 0.5988325 0.3052769 0.5988324 0.250203 0.4268682 0.3052527 0.4268682 0.2508249 0.5992059 0.2931105 0.427685 0.2384987 0.5992059 0.2931105 0.427685 0.2384987 0.4282725 0.2197206 0.5997145 0.2197207 0.08538876 0.2197206 0.2568307 0.2197206 0.7786468 0.8098107 0.6678764 0.8098107 0.8894171 0.8098107 0.5571061 0.8098106 0.7791691 0.8102343 0.6683987 0.8102343 0.8899394 0.8102343 0.5576285 0.8102343  
					<TextureCoords1>: 272 0.00390625 0.4475579 0.5317006 0.4475579 0.00390625 0.9777251 0.5317008 0.9777251 0.5317008 0.5751759 0.5317008 0.591044 0.003906377 0.5751759 0.003906379 0.5910441 0.00390625 0.6344969 0.00390625 0.9449809 0.5317008 0.6344969 0.5317008 0.9449809 0.00390625 0.9122943 0.5317008 0.9122943 0.003906658 0.8840306 0.00390626 0.886573 0.5317008 0.886573 0.5317012 0.8840306 0.5317011 0.9841198 0.003906258 0.41725 0.5317006 0.41725 0.003906552 0.9841198 0.5317006 0.5790822 0.00390626 0.9514248 0.5317008 0.9514248 0.00390625 0.5790823 0.5317006 0.5632142 0.003906259 0.8589363 0.5317008 0.8589363 0.00390625 0.5632142 0.5317011 0.8405258 0.00390626 0.918743 0.5317008 0.918743 0.003906552 0.8405258 0.5317011 0.8246578 0.003906259 0.6133621 0.5317008 0.6133621 0.003906552 0.8246578 0.8933548 0.215932 0.8483871 0.9593791 0.5356071 0.215932 0.4988112 0.349885 0.7190672 0.1150289 0.7190673 0.2159321 0.4988113 0.2948468 0.8933548 0.4255511 0.9034253 0.9593791 0.5356069 0.4255511 0.7098944 0.4255511 0.7098944 0.3246479 0.9333999 0.7547503 0.7220776 0.9606047 0.7200407 0.7547503 0.3919706 0.2697919 0.9333999 0.6951977 0.7200408 0.6951978 0.3883276 0.1580662 0.003906257 0.2903325 0.1844933 0.2903325 0.00390625 0.349885 0.7855364 0.9777251 0.1844933 0.349885 0.7175374 0.7547503 0.7175374 0.6951978 0.1820422 0.2903324 0.1820422 0.349885 0.7242024 0.7547503 0.7242024 0.6951977 0.1885798 0.2903324 0.1885798 0.3498849 0.535607 0.2007965 0.8933548 0.21318 0.7190673 0.2007966 0.8933548 0.4104156 0.5356069 0.4227992 0.7098944 0.4104156 0.8933548 0.1111223 0.7894427 0.9593791 0.5356071 0.1111223 0.4988112 0.4133438 0.7190672 0.01021922 0.7190673 0.1111225 0.4988113 0.3583056 0.8933548 0.3207415 0.8444808 0.9593791 0.5356069 0.3207415 0.7098944 0.3207416 0.7098944 0.2198384 0.9333999 0.8182091 0.59516 0.9606047 0.7200407 0.8182091 0.3919706 0.2056119 0.9333999 0.7586565 0.7200408 0.7586566 0.3883276 0.0938862 0.003906266 0.3537913 0.1844933 0.3537913 0.00390625 0.4133438 0.6586189 0.9777251 0.1844933 0.4133438 0.7175374 0.8182091 0.7175374 0.7586566 0.1820422 0.3537913 0.1820422 0.4133438 0.7242024 0.8182091 0.7242024 0.7586565 0.1885798 0.3537912 0.1885798 0.4133437 0.535607 0.09598684 0.8933548 0.1083704 0.7190673 0.09598696 0.8933548 0.3056061 0.5356069 0.3179896 0.7098944 0.3056061 0.5317007 0.5434399 0.003906401 0.54344 0.5317008 0.6094546 0.003906275 0.664641 0.003906264 0.6094546 0.5317007 0.6646411 0.5317006 0.5974928 0.00390628 0.6384031 0.00390625 0.5949504 0.003906259 0.5974928 0.003906333 0.818209 0.5317009 0.8182091 0.1798378 0.5434399 0.3557692 0.5434399 0.1798378 0.664641 0.3557693 0.6646411 0.3557692 0.6094552 0.1798376 0.6094559 0.1798377 0.5949517 0.1798378 0.6384032 0.3557692 0.5974935 0.1798376 0.5974942 0.1798378 0.8182091 0.3557693 0.8182091 0.5317005 0.4563673 0.00390625 0.4563673 0.1798377 0.4563673 0.3557691 0.4563673 0.00390625 0.8083535 0.5317008 0.8083535 0.1798377 0.8083535 0.3557693 0.8083535 0.00390625 0.8801243 0.5317008 0.8801243 0.00390625 0.8366196 0.5317008 0.8366196 0.00390625 0.9960938 0.5317008 0.9960938 0.00390625 0.8524876 0.5317008 0.8524876 0.003906951 0.9816314 0.5317016 0.9816314 0.5317012 0.9488872 0.003906658 0.9488872 0.5317012 0.8563938 0.003906658 0.8563938 0.5317012 0.9162005 0.003906658 0.9162005 0.003906521 0.8221154 0.5317011 0.8221154 0.00390625 0.5473462 0.003906377 0.5593079 0.5317008 0.5593079 0.5317006 0.5473462 0.5356069 0.54344 0.7098944 0.5434399 0.7098944 0.4884018 0.5356069 0.4884018 0.8933549 0.54344 0.8933549 0.4884018 0.8483872 0.9749733 0.8483872 0.9777251 0.9034254 0.9777251 0.9034253 0.9749733 0.4130435 0.3498849 0.4130436 0.2948468 0.1806704 0.0983848 0.1809318 0.1154968 0.183312 0.1149111 0.1831026 0.09779245 0.1871767 0.09864181 0.1873109 0.1157528 0.3919706 0.1413382 0.2152065 0.2267448 0.214945 0.2438568 0.3879197 0.2864262 0.2087002 0.2270018 0.208566 0.2441128 0.2125649 0.2432711 0.2127742 0.2261524 0.7259839 0.9606051 0.7259839 0.9777251 0.7855364 0.9606051 0.6625251 0.9606047 0.6625251 0.9777251 0.7220777 0.9777251 0.00390625 0.1414319 0.007957279 0.1580662 0.5356072 0.7547503 0.5356072 0.6951978 0.00390625 0.2696982 0.007549298 0.2864262 0.3940018 0.2903324 0.3940018 0.3498849 0.397908 0.349885 0.397908 0.2948468 0.5356069 0.407205 0.8933548 0.3246478 0.8933548 0.1975859 0.5356069 0.1150287 0.5356069 0.4844955 0.7098944 0.4844955 0.7098944 0.4294574 0.5356069 0.4294574 0.8933549 0.4844955 0.8933549 0.4294574 0.7894427 0.9749733 0.7894428 0.9777251 0.8444809 0.9777251 0.8444809 0.9749733 0.4130435 0.4133438 0.4130436 0.3583056 0.1806704 0.03420478 0.1809318 0.05131686 0.183312 0.05073112 0.1831026 0.03361249 0.1871767 0.03446186 0.1873109 0.05157286 0.3919706 0.07715821 0.2152065 0.1625648 0.214945 0.1796768 0.3879197 0.2222462 0.2087002 0.1628218 0.208566 0.1799328 0.2125649 0.179091 0.2127742 0.1619725 0.5990663 0.9606051 0.5990663 0.9777251 0.6586188 0.9606051 0.5356075 0.9606047 0.5356075 0.9777251 0.59516 0.9777251 0.00390625 0.07725197 0.007957279 0.0938862 0.5356072 0.8182091 0.5356072 0.7586566 0.00390625 0.2055182 0.007549298 0.2222462 0.3940018 0.3537912 0.3940018 0.4133438 0.397908 0.4133438 0.3979081 0.3583056 0.5356069 0.3023955 0.8933548 0.2198383 0.8933548 0.09277624 0.5356069 0.0102191 0.3557693 0.594951 0.5317006 0.5949504 0.5317007 0.6384032 0.3557693 0.6384032 0.1798377 0.4514642 0.3557691 0.4514642 0.003906301 0.4514642 0.5317005 0.4514642 0.1798378 0.664641 0.3557693 0.6646411 0.003906275 0.664641 0.5317007 0.6646411  
					<Normals>: 272 0 1 0 0 1 0 0 1 0 0 1 0 0 0 1 0 -0.00387594 0.9999925 0 0 1 0 -0.00387594 0.9999925 0 1 0 0 1 0 0 1 0 0 1 0 0 1 0 0 1 0 0 0.3826815 0.9238803 0 0.9238803 0.3826815 0 0.9238803 0.3826815 0 0.3826815 0.9238803 0 0.3533466 0.9354925 0 0.9198036 0.3923792 0 0.9198036 0.3923792 0 0.3533466 0.9354925 0 0.3799883 0.9249913 0 0.9235134 0.3835663 0 0.9235134 0.3835663 0 0.3799883 0.9249913 0 0.3826815 0.9238803 0 0.9238803 0.3826815 0 0.9238803 0.3826815 0 0.3826815 0.9238803 0 0.3826815 0.9238803 0 0.9238803 0.3826815 0 0.9238803 0.3826815 0 0.3826815 0.9238803 0 0.3826815 0.9238803 0 0.9238803 0.3826815 0 0.9238803 0.3826815 0 0.3826815 0.9238803 -0.7071068 -0.7071068 0 0 0 1 -0.7071068 -0.7071068 0 0 0 -1 -1 0 0 -0.7071068 -0.7071068 0 0 0 -1 0.7071068 -0.7071068 0 0 0 1 0.7071068 -0.7071068 0 0.7071068 -0.7071068 0 1 0 0 0 0.9028678 0.4299182 0 0 -1 0 0.9754148 0.220377 1 0 0 0 0.9028678 0.4299182 0 0.9754148 0.220377 -1 0 0 0 -0.9999971 0.002411029 0 -0.9754701 -0.2201316 0 -0.9999971 0.002411029 0 -0.4379486 0.899 0 -0.9754701 -0.2201316 0 1 0 0 1 0 0 -0.9999971 0.002411029 0 -0.9999971 0.002411029 0 0.9028678 0.4299182 0 0.9028678 0.4299182 0 -0.902033 -0.4316671 0 -0.902033 -0.4316671 -1 0 0 -1 0 0 -1 0 0 1 0 0 1 0 0 1 0 0 -0.7071068 -0.7071068 0 0 0 1 -0.7071068 -0.7071068 0 0 0 -1 -1 0 0 -0.7071068 -0.7071068 0 0 0 -1 0.7071068 -0.7071068 0 0 0 1 0.7071068 -0.7071068 0 0.7071068 -0.7071068 0 1 0 0 0 0.9028678 0.4299182 0 0 -1 0 0.9754148 0.220377 1 0 0 0 0.9028678 0.4299182 0 0.9754148 0.220377 -1 0 0 0 -0.9999971 0.002411029 0 -0.9754701 -0.2201316 0 -0.9999971 0.002411029 0 -0.4379486 0.899 0 -0.9754701 -0.2201316 0 1 0 0 1 0 0 -0.9999971 0.002411029 0 -0.9999971 0.002411029 0 0.9028678 0.4299182 0 0.9028678 0.4299182 0 -0.902033 -0.4316671 0 -0.902033 -0.4316671 -1 0 0 -1 0 0 -1 0 0 1 0 0 1 0 0 1 0 0 0 0 -1 0 0 -1 0 0 1 0 1 0 0 0 1 0 1 0 0 0.3826815 0.9238803 0 0.9238803 0.3826815 0 0.9238803 0.3826815 0 0.3826815 0.9238803 0 0.7071068 -0.7071068 0 0.7071068 -0.7071068 0 0 -1 0 0 -1 0 1 0 0 1 0 0 0 1 0 0 1 0 0.9238803 0.3826815 0 0.9238803 0.3826815 0 0.3826815 0.9238803 0 0.3826815 0.9238803 0 0.7071068 -0.7071068 0 0.7071068 -0.7071068 0 0 -1 0 0 -1 0 0 -1 0 0 -1 0 1 0 0 1 0 0 1 0 0 1 0 0 1 0 0 1 0 0 0 1 0 0 1 0 -0.04202405 0.9991166 0 -0.04202405 0.9991166 0 0 1 0 0 1 0 0.9198036 0.3923792 0 0.9198036 0.3923792 0 0.3799883 0.9249913 0 0.3799883 0.9249913 0 0.3826815 0.9238803 0 0.3826815 0.9238803 0 0.3826815 0.9238803 0 0.3826815 0.9238803 0 0.9238803 0.3826815 0 0.9238803 0.3826815 0 0.3826815 0.9238803 0 0 1 0 0 1 0 0.3826815 0.9238803 -0.7071068 -0.7071068 0 -0.7071068 -0.7071068 0 0.7071068 -0.7071068 0 0.7071068 -0.7071068 0 -0.7071068 -0.7071068 0 0.7071068 -0.7071068 0 0 0 1 0 0 1 0 0 1 0 0 1 0 0 -1 0 0 -1 -1 0 0 -1 0 0 -1 0 0 -1 0 0 -1 0 0 -1 0 0 -1 0 0 1 0 0 1 0 0 1 0 0 1 0 0 1 0 0 1 0 0 1 0 0 0 -0.4379486 0.899 0 -0.4379486 0.899 0 -0.4379486 0.899 0 0 -1 0 0 -1 0 0 -1 -1 0 0 -1 0 0 0 1 0 0 1 0 1 0 0 1 0 0 0 -0.902033 -0.4316671 0 -0.902033 -0.4316671 0 0 -1 0 0 -1 1 0 0 1 0 0 -1 0 0 -1 0 0 -0.7071068 -0.7071068 0 -0.7071068 -0.7071068 0 0.7071068 -0.7071068 0 0.7071068 -0.7071068 0 -0.7071068 -0.7071068 0 0.7071068 -0.7071068 0 0 0 1 0 0 1 0 0 1 0 0 1 0 0 -1 0 0 -1 -1 0 0 -1 0 0 -1 0 0 -1 0 0 -1 0 0 -1 0 0 -1 0 0 1 0 0 1 0 0 1 0 0 1 0 0 1 0 0 1 0 0 1 0 0 0 -0.4379486 0.899 0 -0.4379486 0.899 0 -0.4379486 0.899 0 0 -1 0 0 -1 0 0 -1 -1 0 0 -1 0 0 0 1 0 0 1 0 1 0 0 1 0 0 0 -0.902033 -0.4316671 0 -0.902033 -0.4316671 0 0 -1 0 0 -1 1 0 0 1 0 0 -1 0 0 -1 0 0 0 0.9238803 0.3826815 0 0.9238803 0.3826815 0 0.9238803 0.3826815 0 0.9238803 0.3826815 0 0.7071068 -0.7071068 0 0.7071068 -0.7071068 0 0.7071068 -0.7071068 0 0.7071068 -0.7071068 0 1 0 0 1 0 0 1 0 0 1 0  
					<Tangents>: 272 1 0 0 1 0 0 1 0 1.592435E-07 1 0 0 1 -1.289128E-07 0 1 0 0 1 0 0 1 0 0 1 0 0 1 0 1.589038E-07 1 0 0 1 0 0 1 0 0 1 0 0 1 0 0 1 0 0 1 0 0 1 0 0 1 0 0 1 0 0 1 0 0 1 0 0 1 0 0 1 -5.515552E-08 1.32798E-07 1 -1.609282E-09 3.874672E-09 1 0 0 1 -1.116446E-07 4.624446E-08 1 0 0 1 -4.838582E-09 1.168144E-08 1 -1.610557E-09 6.671106E-10 1 1.116451E-07 -4.624463E-08 1 -5.494028E-08 1.326383E-07 1 3.239869E-09 -7.821783E-09 1 1.610541E-09 -6.671041E-10 1 -8.561376E-08 3.546218E-08 1 0 0 1 0 0 1 -1.941959E-08 8.043812E-09 5.540605E-07 -5.540605E-07 1 -1 1.447195E-06 0 -2.235174E-08 2.235174E-08 1 0 -1 0 0 1.425012E-07 1 9.570511E-08 -9.570512E-08 1 0 -1 0 2.235174E-08 2.235174E-08 1 -1 0 0 -9.454134E-07 -9.454135E-07 1 1.37673E-07 1.37673E-07 1 0 -3.297474E-07 1 0 -0.4299182 0.9028679 -1 0 0 0 -0.220377 0.9754148 0 -4.15411E-07 1 -5.435107E-08 -0.4299182 0.9028679 0 -0.220377 0.9754148 0 -0.4300215 0.9028186 -3.61812E-07 0.002411029 0.9999971 0.000105906 -0.2201316 0.9754702 -2.725728E-05 0.002411029 0.9999971 -1 0 0 0.0007421036 -0.2201316 0.9754699 0 0 1 7.032012E-08 0 1 -0.0001029827 0.002411029 0.9999971 -1.768314E-06 0.002411029 0.9999971 -2.485432E-07 -0.4299182 0.9028679 -3.018342E-07 -0.4299182 0.9028679 -4.836931E-06 -0.4316671 0.902033 -9.080356E-05 -0.4316671 0.902033 0 -3.892912E-07 1 0 -1.712937E-06 1 0 8.494953E-08 1 0 4.533662E-07 1 0 -2.553448E-06 1 0 -2.438319E-07 1 5.540605E-07 -5.540605E-07 1 -1 1.447195E-06 0 -2.235174E-08 2.235174E-08 1 0 -1 0 0 1.425012E-07 1 9.570511E-08 -9.570512E-08 1 0 -1 0 2.235174E-08 2.235174E-08 1 -1 0 0 -9.454134E-07 -9.454135E-07 1 1.37673E-07 1.37673E-07 1 0 -3.297474E-07 1 0 -0.4299182 0.9028679 -1 0 0 0 -0.220377 0.9754148 0 -4.15411E-07 1 -5.435106E-08 -0.4299182 0.9028679 0 -0.220377 0.9754148 0 -0.4300215 0.9028186 -3.61812E-07 0.002411029 0.9999971 0.000105906 -0.2201316 0.9754702 -2.725727E-05 0.002411029 0.9999971 -1 0 0 0.0007421036 -0.2201316 0.9754699 0 0 1 7.032011E-08 0 1 -0.0001029827 0.002411029 0.9999971 -1.768314E-06 0.002411029 0.9999971 -2.485432E-07 -0.4299182 0.9028679 -3.018342E-07 -0.4299182 0.9028679 -4.836931E-06 -0.4316671 0.902033 -9.080355E-05 -0.4316671 0.902033 0 -3.892912E-07 1 0 -1.712937E-06 1 0 8.494953E-08 1 0 4.533662E-07 1 0 -2.553448E-06 1 0 -2.438319E-07 1 1 -5.965421E-07 0 1 0 0 1 3.924003E-07 0 1 0 3.994845E-07 1 0 0 1 0 0 1 2.075973E-07 -8.598912E-08 1 -1.740459E-07 4.201865E-07 1 0 0 1 0 0 1 0 0 1 3.242711E-08 3.242711E-08 1 -4.040078E-07 0 1 -1.057363E-07 0 1 0 -2.229395E-07 1 0 2.461383E-07 1 1.877208E-07 0 1 -1.96199E-07 0 1 0 0 1 7.061883E-08 -1.704899E-07 1 1.590456E-07 -6.587846E-08 1 -1.254968E-07 5.198216E-08 1 1.621354E-08 1.621354E-08 1 -1.621358E-08 -1.621358E-08 1 -8.495684E-07 0 1 -3.978839E-08 0 1 -2.991111E-07 0 1 -1.392591E-07 0 1 0 6.308794E-08 1 0 3.175817E-08 1 0 -1.566491E-08 1 0 1.566486E-08 1 0 0 1 0 0 1 0 0 1 -1.289127E-07 0 1 0 0 1 0 0 1 0 0 1 1.289132E-07 0 1 0 0 1 0 0 1 0 0 1 -8.54694E-08 3.511101E-08 1 -7.791906E-08 3.227494E-08 1 -2.38958E-10 9.897909E-11 1 8.574282E-08 -3.551563E-08 1 -8.521338E-08 3.529633E-08 1 -3.213837E-08 7.758934E-08 1 0 0 1 0 0 1 0 0 1 0 0 1 0 0 -2.185569E-08 2.185569E-08 1 -2.185569E-08 2.185569E-08 1 2.185569E-08 2.185569E-08 1 2.185569E-08 2.185569E-08 1 -2.185569E-08 2.185569E-08 1 2.185569E-08 2.185569E-08 1 -1 1.500821E-06 0 -1 0 0 -1 1.699962E-06 0 -1 5.256974E-07 0 0 -1 0 0 -1 0 0 3.545325E-06 1 0 0.0001529502 1 0 -0.2601835 0.9655592 0 -0.2613708 0.9652385 0 -0.4315268 0.9021001 0 -0.4316689 0.9020321 0 -0.4299335 0.9028605 0 0.002388271 0.9999971 0 0.002486656 0.9999969 0 0.0001522049 1 0 -0.4299142 0.9028698 0 -0.4299363 0.9028593 0 -0.2636726 0.9646122 0 -0.2615609 0.965187 -1 0 0 -1 0 0 -1 0 0 -1 0 0 -1 0 0 -1 0 0 0 0.002283169 0.9999974 0 0.00242752 0.9999971 2.826888E-07 0 1 3.539764E-07 0 1 0 -0.4317237 0.9020059 0 -0.431822 0.9019588 9.36873E-05 -0.4316671 0.902033 0.0001142062 -0.4316671 0.902033 0 -1 0 0 -1 0 0 -6.51063E-06 1 0 3.925046E-07 1 0 -6.51063E-06 1 0 -3.163062E-07 1 -2.185569E-08 2.185569E-08 1 -2.185569E-08 2.185569E-08 1 2.185569E-08 2.185569E-08 1 2.185569E-08 2.185569E-08 1 -2.185569E-08 2.185569E-08 1 2.185569E-08 2.185569E-08 1 -1 1.500821E-06 0 -1 0 0 -1 1.699962E-06 0 -1 5.256974E-07 0 0 -1 0 0 -1 0 0 3.545325E-06 1 0 0.0001529502 1 0 -0.2601835 0.9655592 0 -0.2613708 0.9652385 0 -0.4315268 0.9021001 0 -0.4316689 0.9020321 0 -0.4299335 0.9028605 0 0.002388271 0.9999971 0 0.002486656 0.9999969 0 0.0001522049 1 0 -0.4299142 0.9028698 0 -0.4299363 0.9028593 0 -0.2636726 0.9646122 0 -0.2615609 0.965187 -1 0 0 -1 0 0 -1 0 0 -1 0 0 -1 0 0 -1 0 0 0 0.002283169 0.9999974 0 0.00242752 0.9999971 2.826887E-07 0 1 3.539764E-07 0 1 0 -0.4317237 0.9020059 0 -0.431822 0.9019588 9.36873E-05 -0.4316671 0.902033 0.0001142061 -0.4316671 0.902033 0 -1 0 0 -1 0 0 -6.51063E-06 1 0 3.925046E-07 1 0 -6.51063E-06 1 0 -3.163062E-07 1 1 5.229323E-08 -1.262478E-07 1 -1.06543E-07 2.57219E-07 1 0 0 1 -7.882087E-08 1.902915E-07 1 0 0 1 -2.113479E-07 -2.113479E-07 1 -5.916443E-08 -5.916442E-08 1 -4.818625E-07 -4.818625E-07 1 0 -1.896296E-08 1 0 1.896294E-08 1 0 3.792591E-08 1 0 0  
					<BiTangents>: 272 0 0 1 0 0 1 -1.592435E-07 0 1 0 0 1 -1.289128E-07 -1 0 0 -0.9999925 -0.00387594 0 -1 0 0 -0.9999925 -0.00387594 0 0 1 -1.589038E-07 0 1 0 0 1 0 0 1 0 0 1 0 0 1 0 -0.9238803 0.3826815 0 -0.3826815 0.9238803 0 -0.3826815 0.9238803 0 -0.9238803 0.3826815 0 -0.9354925 0.3533466 0 -0.3923792 0.9198036 0 -0.3923792 0.9198036 0 -0.9354925 0.3533466 0 -0.9249913 0.3799883 -1.437966E-07 -0.3835663 0.9235134 -4.195578E-09 -0.3835663 0.9235134 0 -0.9249913 0.3799883 -1.208432E-07 -0.9238803 0.3826815 0 -0.3826815 0.9238803 -1.264389E-08 -0.3826815 0.9238803 -1.743252E-09 -0.9238803 0.3826815 1.208436E-07 -0.9238803 0.3826815 -1.435666E-07 -0.3826815 0.9238803 8.46623E-09 -0.3826815 0.9238803 1.743236E-09 -0.9238803 0.3826815 -9.266759E-08 -0.9238803 0.3826815 0 -0.3826815 0.9238803 0 -0.3826815 0.9238803 -2.10196E-08 -0.9238803 0.3826815 -0.7071068 0.7071068 7.835598E-07 1.447195E-06 1 0 -0.7071068 0.7071068 -3.161013E-08 1 0 0 0 1 -1.425012E-07 -0.7071068 0.7071068 1.353475E-07 1 0 0 0.7071068 0.7071068 -3.161013E-08 0 1 0 0.7071068 0.7071068 1.337017E-06 0.7071068 0.7071068 -1.94699E-07 0 1 3.297474E-07 -1 0 0 0 -1 0 -1 0 0 0 1 4.15411E-07 -1 2.336651E-08 -4.907183E-08 -1 0 0 0 0.9028186 0.4300215 1 8.723391E-10 3.61811E-07 1 2.331325E-05 -0.0001033081 1 6.571808E-08 2.72572E-05 0 0.899 0.4379486 0.9999997 0.0001633605 -0.0007239 -1 0 0 -1 0 7.032012E-08 1 2.482944E-07 0.0001029825 1 4.263456E-09 1.768309E-06 -1 1.068533E-07 -2.244017E-07 -1 1.29764E-07 -2.725164E-07 1 -2.087944E-06 4.363071E-06 1 -3.919691E-05 8.19078E-05 0 1 3.892912E-07 0 1 1.712937E-06 0 1 -8.494953E-08 0 1 -4.533662E-07 0 1 2.553448E-06 0 1 2.438319E-07 -0.7071068 0.7071068 7.835598E-07 1.447195E-06 1 0 -0.7071068 0.7071068 -3.161013E-08 1 0 0 0 1 -1.425012E-07 -0.7071068 0.7071068 1.353475E-07 1 0 0 0.7071068 0.7071068 -3.161013E-08 0 1 0 0.7071068 0.7071068 1.337017E-06 0.7071068 0.7071068 -1.94699E-07 0 1 3.297474E-07 -1 0 0 0 -1 0 -1 0 0 0 1 4.15411E-07 -1 2.336651E-08 -4.907183E-08 -1 0 0 0 0.9028186 0.4300215 1 8.723391E-10 3.618109E-07 1 2.331325E-05 -0.0001033081 1 6.571807E-08 2.725719E-05 0 0.899 0.4379486 0.9999997 0.0001633605 -0.0007238999 -1 0 0 -1 0 7.032011E-08 1 2.482944E-07 0.0001029824 1 4.263456E-09 1.768309E-06 -1 1.068532E-07 -2.244017E-07 -1 1.29764E-07 -2.725164E-07 1 -2.087944E-06 4.363071E-06 1 -3.919691E-05 8.19078E-05 0 1 3.892912E-07 0 1 1.712937E-06 0 1 -8.494953E-08 0 1 -4.533662E-07 0 1 2.553448E-06 0 1 2.438319E-07 -5.965421E-07 -1 0 0 -1 0 3.924003E-07 -1 0 -3.994845E-07 0 1 0 -1 0 0 0 1 2.247015E-07 -0.9238803 0.3826815 -4.548062E-07 -0.3826815 0.9238803 0 -0.3826815 0.9238803 0 -0.9238803 0.3826815 0 0.7071068 0.7071068 -4.585885E-08 0.7071068 0.7071068 -4.040078E-07 -1 0 -1.057363E-07 -1 0 2.229395E-07 0 1 -2.461383E-07 0 1 1.877208E-07 -1 0 -1.96199E-07 -1 0 0 -0.3826815 0.9238803 1.845368E-07 -0.3826815 0.9238803 1.721496E-07 -0.9238803 0.3826815 -1.358366E-07 -0.9238803 0.3826815 -2.292941E-08 0.7071068 0.7071068 2.292947E-08 0.7071068 0.7071068 -8.495684E-07 -1 0 -3.978839E-08 -1 0 -2.991111E-07 -1 0 -1.392591E-07 -1 0 -6.308794E-08 0 1 -3.175817E-08 0 1 1.566491E-08 0 1 -1.566486E-08 0 1 0 0 1 0 0 1 0 -1 0 -1.289127E-07 -1 0 0 -0.9991166 -0.04202405 0 -0.9991166 -0.04202405 0 -1 0 1.289132E-07 -1 0 0 -0.3923792 0.9198036 0 -0.3923792 0.9198036 0 -0.9249913 0.3799883 -9.240022E-08 -0.9249913 0.3799883 -8.433891E-08 -0.9238803 0.3826815 -2.586461E-10 -0.9238803 0.3826815 9.280728E-08 -0.9238803 0.3826815 -9.223422E-08 -0.9238803 0.3826815 -8.398203E-08 -0.3826815 0.9238803 0 -0.3826815 0.9238803 0 -0.9238803 0.3826815 0 -1 0 0 -1 0 0 -0.9238803 0.3826815 0.7071068 -0.7071068 3.090862E-08 0.7071068 -0.7071068 3.090862E-08 0.7071068 0.7071068 -3.090862E-08 0.7071068 0.7071068 -3.090862E-08 0.7071068 -0.7071068 3.090862E-08 0.7071068 0.7071068 -3.090862E-08 1.500821E-06 1 0 0 1 0 1.699962E-06 1 0 5.256974E-07 1 0 1 0 0 1 0 0 0 1 -3.545325E-06 0 1 -0.0001529502 0 0.9655592 0.2601835 0 0.9652385 0.2613708 0 0.9021001 0.4315268 0 0.9020321 0.4316689 0 0.9028605 0.4299335 0 0.9999971 -0.002388271 0 0.9999969 -0.002486656 0 1 -0.0001522049 0 0.9028698 0.4299142 0 0.9028593 0.4299363 0 0.9646122 0.2636726 0 0.965187 0.2615609 0 0.899 0.4379486 0 0.899 0.4379486 0 0.899 0.4379486 0 -1 0 0 -1 0 0 -1 0 0 0.9999974 -0.002283169 0 0.9999971 -0.00242752 -1 0 2.826888E-07 -1 0 3.539764E-07 0 0.9020059 0.4317237 0 0.9019588 0.431822 1 4.044173E-05 -8.450904E-05 1 4.929904E-05 -0.0001030177 1 0 0 1 0 0 0 1 6.51063E-06 0 1 -3.925046E-07 0 1 6.51063E-06 0 1 3.163062E-07 0.7071068 -0.7071068 3.090862E-08 0.7071068 -0.7071068 3.090862E-08 0.7071068 0.7071068 -3.090862E-08 0.7071068 0.7071068 -3.090862E-08 0.7071068 -0.7071068 3.090862E-08 0.7071068 0.7071068 -3.090862E-08 1.500821E-06 1 0 0 1 0 1.699962E-06 1 0 5.256974E-07 1 0 1 0 0 1 0 0 0 1 -3.545325E-06 0 1 -0.0001529502 0 0.9655592 0.2601835 0 0.9652385 0.2613708 0 0.9021001 0.4315268 0 0.9020321 0.4316689 0 0.9028605 0.4299335 0 0.9999971 -0.002388271 0 0.9999969 -0.002486656 0 1 -0.0001522049 0 0.9028698 0.4299142 0 0.9028593 0.4299363 0 0.9646122 0.2636726 0 0.965187 0.2615609 0 0.899 0.4379486 0 0.899 0.4379486 0 0.899 0.4379486 0 -1 0 0 -1 0 0 -1 0 0 0.9999974 -0.002283169 0 0.9999971 -0.00242752 -1 0 2.826887E-07 -1 0 3.539764E-07 0 0.9020059 0.4317237 0 0.9019588 0.431822 1 4.044173E-05 -8.450903E-05 1 4.929904E-05 -0.0001030177 1 0 0 1 0 0 0 1 6.51063E-06 0 1 -3.925046E-07 0 1 6.51063E-06 0 1 3.163062E-07 1.366495E-07 -0.3826815 0.9238803 -2.784116E-07 -0.3826815 0.9238803 0 -0.3826815 0.9238803 -2.059699E-07 -0.3826815 0.9238803 0 -0.7071068 -0.7071068 -2.98891E-07 -0.7071068 -0.7071068 -8.367113E-08 -0.7071068 -0.7071068 -6.814564E-07 -0.7071068 -0.7071068 1.896296E-08 0 1 -1.896294E-08 0 1 -3.792591E-08 0 1 0 0 1  
					<SubMeshes>: 1
						<SubMesh>: 0 618 16 15 12 16 12 13 25 7 5 25 5 22 28 27 146 28 146 147 32 31 9 32 9 11 37 148 149 37 149 34 36 35 8 36 8 10 20 19 0 20 0 1 24 23 2 24 2 3 21 150 151 21 151 18 29 6 4 29 4 26 33 152 153 33 153 30 16 17 14 16 14 15 154 21 18 154 18 155 24 156 157 24 157 23 28 158 159 28 159 27 32 160 161 32 161 31 162 37 34 162 34 163 164 165 166 164 166 167 70 40 43 70 43 72 72 43 38 72 38 71 73 75 48 73 48 45 75 74 47 75 47 48 168 169 170 168 170 171 169 172 173 169 173 170 174 175 176 174 176 177 178 41 44 178 44 179 66 50 54 66 54 67 62 52 55 62 55 63 68 58 61 68 61 69 64 57 59 64 59 65 180 181 182 180 182 183 184 185 56 184 56 186 187 188 189 187 189 53 190 191 192 190 192 193 194 195 60 194 60 196 197 198 199 197 199 51 193 192 188 193 188 187 200 201 181 200 181 180 58 64 65 58 65 61 202 62 63 202 63 203 204 205 191 204 191 190 183 182 185 183 185 184 206 68 69 206 69 207 52 66 67 52 67 55 208 178 179 208 179 209 39 174 177 39 177 46 49 210 74 49 74 75 211 49 75 211 75 73 42 72 71 42 71 212 213 70 72 213 72 42 108 78 81 108 81 110 110 81 76 110 76 109 111 113 86 111 86 83 113 112 85 113 85 86 214 215 216 214 216 217 215 218 219 215 219 216 220 221 222 220 222 223 224 79 82 224 82 225 104 88 92 104 92 105 100 90 93 100 93 101 106 96 99 106 99 107 102 95 97 102 97 103 226 227 228 226 228 229 230 231 94 230 94 232 233 234 235 233 235 91 236 237 238 236 238 239 240 241 98 240 98 242 243 244 245 243 245 89 239 238 234 239 234 233 246 247 227 246 227 226 96 102 103 96 103 99 248 100 101 248 101 249 250 251 237 250 237 236 229 228 231 229 231 230 252 106 107 252 107 253 90 104 105 90 105 93 254 224 225 254 225 255 77 220 223 77 223 84 87 256 112 87 112 113 257 87 113 257 113 111 80 110 109 80 109 258 259 108 110 259 110 80 141 127 114 141 114 138 133 121 117 133 117 128 134 130 116 134 116 120 260 134 120 260 120 261 145 137 125 145 125 143 142 124 136 142 136 144 144 136 137 144 137 145 122 123 135 122 135 132 132 135 134 132 134 260 123 118 131 123 131 135 135 131 130 135 130 134 262 263 129 262 129 119 263 133 128 263 128 129 139 115 126 139 126 140 140 126 127 140 127 141 264 140 141 264 141 265 266 139 140 266 140 264 265 141 138 265 138 267 268 144 145 268 145 269 270 142 144 270 144 268 269 145 143 269 143 271  
				</Mesh>
				<Materials>: 1
					<Material>: 0
						<AlbedoColor>: 1 1 1 1
						<EmissiveColor>: 0 0 0 0
						<Glossiness>: 0
						<Metallic>: 0
						<SpecularHighlight>: 1
						<GlossyReflection>: 1
						<AlbedoMap>: @BLD_Structures2_A
						<MetallicMap>: @BLD_Structures2_MS
						<NormalMap>: @BLD_Structures2_N
						<EmissionMap>: null
						<DetailAlbedoMap>: @DET_Concrete1_A
						<DetailNormalMap>: @DET_Concrete1_N
				</Materials>
				<Children>: 0
			</Frame>
			<Frame>: 2 0 Struct_ExtStairs_B_LOD1
				<Transform>: 0 0 0 2.504478E-06 0 0 1 1 1 2.185569E-08 0 0 1  
				<TransformMatrix>: 1 0 0 0 0 1 4.371139E-08 0 0 -4.371139E-08 1 0 0 0 0 1  
				<Mesh>: 194 Struct_ExtStairs_B_LOD1
					<Bounds>: -3.300268 0.598933 2.044696 3.324607 0.6010672 2.055305
					<Positions>: 194 -0.4429787 0.4530541 2.753517 -6.196748 0.4530541 2.753517 -0.4429787 0.303054 3.097204 -6.196748 0.303054 3.097204 -0.4429787 0.003053979 3.653518 -0.4429787 0.1530541 3.402936 -6.196748 0.003053979 3.653518 -6.196748 0.1530541 3.402936 -0.4429787 0.753054 2.203518 -0.4429787 0.9030538 1.897885 -6.196748 0.753054 2.203518 -6.196748 0.9030538 1.897885 -0.4429787 0.6030539 2.453518 -6.196748 0.6030539 2.453518 -0.4429787 0.5834554 2.753517 -0.4429787 0.6030541 2.733919 -6.196748 0.6030541 2.733919 -6.196748 0.5834554 2.753517 -0.4429787 0.4334728 3.102694 -0.4429787 0.4530541 3.08392 -6.196748 0.4530541 3.08392 -6.196748 0.4334728 3.102694 -0.4429787 0.2834555 3.403442 -0.4429787 0.3030542 3.383919 -6.196748 0.3030542 3.383919 -6.196748 0.2834555 3.403442 -0.4429787 0.1334554 3.653518 -0.4429787 0.1530541 3.633919 -6.196748 0.1530541 3.633919 -6.196748 0.1334554 3.653518 -0.4429787 0.8834551 2.203518 -0.4429787 0.9030538 2.183919 -6.196748 0.9030538 2.183919 -6.196748 0.8834551 2.203518 -0.4429787 0.7334552 2.453518 -0.4429787 0.753054 2.433919 -6.196748 0.753054 2.433919 -6.196748 0.7334552 2.453518 -6.599999 1.704744E-07 3.900001 -6.599999 0.2000002 3.900001 -6.599999 1.065814E-14 2.384186E-07 -6.599999 1.1 2.384186E-07 -6.599999 1.1 2 -6.599999 8.742278E-08 2 -5.999999 1.1 2.384186E-07 -5.999999 1.065814E-14 2.384186E-07 -5.999999 0.2000002 3.900001 -5.999999 1.704744E-07 3.900001 -5.999999 8.742278E-08 2 -5.999999 1.1 2 -6.624875 0.2000002 4.1 -6.624875 1.2 -0.01060843 -6.624875 1.2 2 -5.975661 1.2 -0.01060843 -5.975661 0.2000002 4.1 -5.975661 1.2 2 -6.624875 0.03221495 4.018264 -6.624875 1.013361 -0.01060843 -6.624875 1.01814 1.958061 -5.975661 1.013361 -0.01060843 -5.975661 0.03221495 4.018264 -5.975661 1.01814 1.958061 -0.5999993 1.704744E-07 3.900001 -0.5999993 0.2000002 3.900001 -0.5999993 1.065814E-14 2.384186E-07 -0.5999993 1.1 2.384186E-07 -0.5999993 1.1 2 -0.5999993 8.742278E-08 2 1.035631E-06 1.1 2.384186E-07 1.035631E-06 1.065814E-14 2.384186E-07 1.035631E-06 0.2000002 3.900001 1.035631E-06 1.704744E-07 3.900001 1.035631E-06 8.742278E-08 2 1.035631E-06 1.1 2 -0.6248749 0.2000002 4.1 -0.6248749 1.2 -0.01060843 -0.6248749 1.2 2 0.0243388 1.2 -0.01060843 0.0243388 0.2000002 4.1 0.0243388 1.2 2 -0.6248749 0.03221495 4.018264 -0.6248749 1.013361 -0.01060843 -0.6248749 1.01814 1.958061 0.0243388 1.013361 -0.01060843 0.0243388 0.03221495 4.018264 0.0243388 1.01814 1.958061 -6.196748 -0.002134204 0.01833217 -0.4429787 -0.002134204 0.01833217 -0.4429787 0.8505421 1.998091 -0.4429787 1.000542 1.692459 -6.196748 0.8505421 1.998091 -6.196748 1.000542 1.692459 -0.4429787 0.9809432 1.998091 -0.4429787 1.000542 1.978492 -6.196748 1.000542 1.978492 -6.196748 0.9809432 1.998091 -0.4429787 1.000542 0.01833212 -6.196748 1.000542 0.01833212 -0.4429787 0.6030539 2.453518 -6.196748 0.6030539 2.453518 -0.4429787 0.1530541 3.402936 -6.196748 0.1530541 3.402936 -6.196748 0.303054 3.097204 -0.4429787 0.303054 3.097204 -6.196748 0.753054 2.203518 -0.4429787 0.753054 2.203518 -6.196748 0.4530541 3.08392 -0.4429787 0.4530541 3.08392 -6.196748 0.1530541 3.633919 -0.4429787 0.1530541 3.633919 -6.196748 0.753054 2.433919 -0.4429787 0.753054 2.433919 -6.196748 0.5834554 2.753517 -6.196748 0.4530541 2.753517 -0.4429787 0.4530541 2.753517 -0.4429787 0.5834554 2.753517 -6.196748 0.9030538 2.183919 -0.4429787 0.9030538 2.183919 -6.599999 1.704744E-07 3.900001 -6.599999 8.742278E-08 2 -5.999999 8.742278E-08 2 -6.599999 1.065814E-14 2.384186E-07 -5.999999 1.065814E-14 2.384186E-07 -5.999999 1.704744E-07 3.900001 -6.599999 0.2000002 3.900001 -6.599999 1.704744E-07 3.900001 -5.999999 1.704744E-07 3.900001 -5.999999 0.2000002 3.900001 -6.599999 1.065814E-14 2.384186E-07 -6.599999 1.1 2.384186E-07 -5.999999 1.1 2.384186E-07 -5.999999 1.065814E-14 2.384186E-07 -5.975661 0.2000002 4.1 -5.975661 1.2 2 -5.975661 1.01814 1.958061 -5.975661 0.03221495 4.018264 -6.624875 1.2 -0.01060843 -6.624875 1.013361 -0.01060843 -6.624875 1.01814 1.958061 -6.624875 1.2 2 -6.624875 0.03221495 4.018264 -6.624875 0.2000002 4.1 -6.624875 0.2000002 4.1 -6.624875 0.03221495 4.018264 -5.975661 0.03221495 4.018264 -5.975661 0.2000002 4.1 -5.975661 1.2 -0.01060843 -5.975661 1.013361 -0.01060843 -6.624875 1.013361 -0.01060843 -6.624875 1.2 -0.01060843 -0.5999993 1.1 2.384186E-07 -0.5999993 1.065814E-14 2.384186E-07 1.035631E-06 1.1 2.384186E-07 1.035631E-06 1.065814E-14 2.384186E-07 -0.5999993 1.704744E-07 3.900001 -0.5999993 8.742278E-08 2 1.035631E-06 8.742278E-08 2 -0.5999993 1.065814E-14 2.384186E-07 1.035631E-06 1.065814E-14 2.384186E-07 1.035631E-06 1.704744E-07 3.900001 -0.5999993 0.2000002 3.900001 -0.5999993 1.704744E-07 3.900001 1.035631E-06 1.704744E-07 3.900001 1.035631E-06 0.2000002 3.900001 -5.975661 1.013361 -0.01060843 -5.975661 1.2 -0.01060843 0.0243388 0.2000002 4.1 0.0243388 1.2 2 0.0243388 1.01814 1.958061 0.0243388 0.03221495 4.018264 -0.6248749 1.2 -0.01060843 -0.6248749 1.013361 -0.01060843 -0.6248749 1.01814 1.958061 -0.6248749 1.2 2 -0.6248749 0.03221495 4.018264 -0.6248749 0.2000002 4.1 -0.6248749 0.2000002 4.1 -0.6248749 0.03221495 4.018264 0.0243388 0.03221495 4.018264 0.0243388 0.2000002 4.1 0.0243388 1.2 -0.01060843 0.0243388 1.013361 -0.01060843 -0.6248749 1.013361 -0.01060843 -0.6248749 1.2 -0.01060843 -0.4429787 1.000542 0.01833212 -6.196748 1.000542 0.01833212 -6.196748 1.000542 1.692459 -0.4429787 1.000542 1.692459 -6.196748 1.000542 1.978492 -0.4429787 1.000542 1.978492 0.0243388 1.013361 -0.01060843 0.0243388 1.2 -0.01060843 -6.196748 0.2834555 3.403442 -0.4429787 0.2834555 3.403442  
					<Colors>: 0  
					<TextureCoords0>: 194 0.8548294 0.2377781 0.3405038 0.2377781 0.7718194 0.2377781 0.2574937 0.2377781 0.5997145 0.2065346 0.7718194 0.2065346 0.08538875 0.2065346 0.2574937 0.2065346 0.7718194 0.2377781 0.5997145 0.2377781 0.2574937 0.2377781 0.08538875 0.2377781 0.7718194 0.2065346 0.2574937 0.2065346 0.5997145 0.2168623 0.5997145 0.2197451 0.08538875 0.2197451 0.08538875 0.2168623 0.8548294 0.2168636 0.8548294 0.219555 0.3405038 0.219555 0.3405038 0.2168636 0.7718195 0.2168623 0.7718195 0.2197177 0.2574937 0.2197176 0.2574937 0.2168623 0.5997145 0.2168623 0.5997145 0.2200075 0.08538874 0.2200075 0.08538875 0.2168623 0.5997145 0.2168623 0.5997145 0.2197207 0.08538876 0.2197206 0.08538875 0.2168623 0.7718194 0.2168623 0.7718194 0.2200112 0.2574937 0.2200112 0.2574937 0.2168623 0.5992059 0.3052467 0.5992059 0.2931105 0.427685 0.3052467 0.427685 0.2384987 0.513695 0.2384987 0.513695 0.3052467 0.427685 0.2384987 0.427685 0.3052467 0.5992059 0.2931105 0.9410596 0.2508249 0.513695 0.3052467 0.513695 0.2384987 0.5988325 0.250158 0.2569354 0.250158 0.4270005 0.250158 0.2569354 0.3052769 0.5985354 0.2383623 0.4270005 0.2383623 0.5988325 0.3052769 0.2569354 0.3052769 0.4270602 0.3052769 0.2569354 0.250203 0.5985354 0.250158 0.4270005 0.250158 0.5992059 0.3052467 0.5992059 0.2931105 0.4268682 0.3052527 0.3422062 0.3052527 0.513695 0.2384987 0.513695 0.3052467 0.3422062 0.2508249 0.4268682 0.2508249 0.5992059 0.2931105 0.9410596 0.2508249 0.513695 0.3052467 0.513695 0.2384987 0.5988325 0.250158 0.2569354 0.250158 0.4270005 0.250158 0.2569354 0.3052769 0.5985354 0.2383623 0.4270005 0.2383623 0.5988325 0.3052769 0.2569354 0.3052769 0.4270602 0.3052769 0.2569354 0.250203 0.5985354 0.250158 0.4270005 0.250158 0.5571061 0.7451431 0.8894171 0.7451432 0.5997145 0.2065346 0.8899394 0.8102343 0.08538875 0.2065346 0.5576285 0.8102343 0.5997145 0.2168623 0.5997145 0.2197207 0.08538876 0.2197206 0.08538875 0.2168623 0.8894171 0.8098107 0.5571061 0.8098106 0.5997145 0.2377781 0.08538875 0.2377781 0.5997145 0.2377781 0.08538875 0.2377781 0.3405038 0.2065346 0.8548294 0.2065346 0.08538875 0.2065346 0.5997145 0.2065346 0.3405038 0.219555 0.8548294 0.219555 0.08538874 0.2200075 0.5997145 0.2200075 0.2574937 0.2200112 0.7718194 0.2200112 0.08538875 0.2168623 0.08538875 0.2065346 0.5997145 0.2065346 0.5997145 0.2168623 0.08538876 0.2197206 0.5997145 0.2197207 0.9410596 0.3052527 0.6849067 0.3052527 0.6849067 0.2508249 0.4268682 0.3052527 0.4268682 0.2508249 0.5992059 0.3052467 0.5981529 0.2390252 0.5981529 0.2503409 0.5134116 0.2503409 0.5134116 0.2390252 0.4268682 0.3052527 0.3422062 0.3052527 0.3422062 0.2508249 0.4268682 0.2508249 0.5988325 0.3052769 0.4270005 0.3052769 0.4270602 0.250203 0.5988324 0.250203 0.2567707 0.2383623 0.2567707 0.250158 0.4270005 0.250158 0.4270005 0.2383623 0.5985354 0.250158 0.5985354 0.2383623 0.5126771 0.2382041 0.5126771 0.2501777 0.428114 0.2501777 0.428114 0.2382041 0.4281143 0.250178 0.428114 0.2382041 0.5126774 0.2382041 0.5126774 0.250178 0.427685 0.2384987 0.427685 0.3052467 0.427685 0.2384987 0.427685 0.3052467 0.9410596 0.3052527 0.6849067 0.3052527 0.6849067 0.2508249 0.4268682 0.3052527 0.4268682 0.2508249 0.5992059 0.3052467 0.5981529 0.2390252 0.5981529 0.2503409 0.5134116 0.2503409 0.5134116 0.2390252 0.2567707 0.250158 0.2567707 0.2383623 0.5988325 0.3052769 0.4270005 0.3052769 0.4270602 0.250203 0.5988324 0.250203 0.2567707 0.2383623 0.2567707 0.250158 0.4270005 0.250158 0.4270005 0.2383623 0.5985354 0.250158 0.5985354 0.2383623 0.5126771 0.2382041 0.5126771 0.2501777 0.428114 0.2501777 0.428114 0.2382041 0.4281143 0.250178 0.428114 0.2382041 0.5126774 0.2382041 0.5126774 0.250178 0.8899394 0.9069405 0.5576285 0.9069405 0.08538875 0.2377781 0.5997145 0.2377781 0.08538876 0.2197206 0.5997145 0.2197207 0.2567707 0.250158 0.2567707 0.2383623 0.2574937 0.2168623 0.7718195 0.2168623  
					<TextureCoords1>: 194 0.00390625 0.4836456 0.5194267 0.4836456 0.00390627 0.6169052 0.5194269 0.6169052 0.5194269 0.7287214 0.5194269 0.9780205 0.00390625 0.7287214 0.00390625 0.9780205 0.00390625 0.5237849 0.00390625 0.5533189 0.5194269 0.5237849 0.5194269 0.5533189 0.5194269 0.9960938 0.00390625 0.9960938 0.00390625 0.5572252 0.00390628 0.5597085 0.5194269 0.5597085 0.5194269 0.5572252 0.5194272 0.7712044 0.003906258 0.4540426 0.5194267 0.4540426 0.003906545 0.7712044 0.5194272 0.9663368 0.00390628 0.5912164 0.5194269 0.5912164 0.003906543 0.9663369 0.5194272 0.7170378 0.003906258 0.4294409 0.5194266 0.4294409 0.003906545 0.7170378 0.5194272 0.7351109 0.5194272 0.7326276 0.003906515 0.7326276 0.003906545 0.7351109 0.5194272 0.9844102 0.003906259 0.5031416 0.5194269 0.5031416 0.003906545 0.9844102 0.8727613 0.2210551 0.8727612 0.2031357 0.523333 0.2210551 0.523333 0.1224983 0.7025269 0.1224984 0.702527 0.2210552 0.8727614 0.2249614 0.8727613 0.3235182 0.523333 0.3055987 0.003906257 0.05858934 0.6935672 0.3235181 0.6935672 0.2249614 0.9118755 0.9624306 0.5233334 0.9624306 0.703478 0.9624306 0.5233334 0.904263 0.00390625 0.3471218 0.207917 0.3045888 0.904357 0.6524806 0.5233333 0.6524806 0.6997207 0.6524806 0.5233333 0.7106482 0.007464592 0.3634608 0.2077125 0.3213093 0.8727613 0.118592 0.8727613 0.1006727 0.3868524 0.3634608 0.4854091 0.3634608 0.7025269 0.02003533 0.702527 0.1185921 0.4854092 0.3097026 0.3868524 0.3097026 0.523333 0.4080617 0.523333 0.4298874 0.6935672 0.4259811 0.6935672 0.3274244 0.9118755 0.9003567 0.5233334 0.9003567 0.703478 0.9003567 0.5233334 0.8421892 0.00390625 0.2843435 0.207917 0.2418104 0.38493 0.3673671 0.003906264 0.3673671 0.1802938 0.3673671 0.00390625 0.4255347 0.007464592 0.3006825 0.2077125 0.258531 0.5194269 0.7106482 0.00390625 0.7106482 0.5194269 0.7648677 0.003906286 0.8124339 0.00390625 0.7648677 0.519427 0.8124339 0.5194272 0.7531841 0.003906477 0.7868062 0.5194272 0.7868062 0.003906545 0.7531841 0.003906265 0.6208115 0.519427 0.6208115 0.00390627 0.5848316 0.5194269 0.5848316 0.00390625 0.4501363 0.5194266 0.4501363 0.00390625 0.7828999 0.5194269 0.7828999 0.00390625 0.7467945 0.5194269 0.7467945 0.003906516 0.7687739 0.5194272 0.7687739 0.003906515 0.7145544 0.5194272 0.7145544 0.003906935 0.9819268 0.5194276 0.9819268 0.00390625 0.4875519 0.003906374 0.4992355 0.5194268 0.4992355 0.5194267 0.4875519 0.5194269 0.5276911 0.00390626 0.5276911 0.00390625 0.1123475 0.1741407 0.1123475 0.1741407 0.05858934 0.3533348 0.1123475 0.3533348 0.05858934 0.523333 0.3235182 0.5233334 0.7997352 0.5233335 0.8176547 0.5770917 0.8176547 0.5770916 0.7997352 0.3888363 0.4255347 0.4873931 0.4255347 0.4873931 0.3717765 0.3888363 0.3717765 0.9118755 0.904263 0.703478 0.904263 0.6997207 0.7106482 0.904357 0.7106482 0.00390625 0.2216568 0.007863072 0.2379042 0.1791398 0.1957527 0.1789353 0.1790321 0.3793878 0.2379042 0.3829461 0.2215652 0.9157817 0.9250801 0.9157818 0.941802 0.9739494 0.941802 0.9739493 0.9250801 0.9157817 0.9457083 0.9157818 0.9624306 0.9739494 0.9624306 0.9739493 0.9457083 0.523333 0.02003533 0.523333 0.1185921 0.8727614 0.3274244 0.8727613 0.4259811 0.523333 0.4836456 0.6935673 0.4836456 0.6935673 0.4298874 0.8727614 0.4836456 0.8727615 0.4298874 0.523333 0.4259812 0.5854073 0.8203635 0.5854074 0.8382829 0.6391655 0.8382829 0.6391655 0.8203635 0.3789894 0.3634608 0.3829461 0.3472134 0.9118755 0.8421892 0.703478 0.8421892 0.1802937 0.4255347 0.38493 0.4255347 0.00390625 0.1588785 0.007863072 0.1751259 0.1791398 0.1329743 0.1789353 0.1162538 0.3793878 0.1751259 0.3829461 0.1587869 0.5233334 0.8215609 0.5233335 0.8382829 0.5815011 0.8382829 0.581501 0.8215609 0.9157817 0.9044515 0.9157818 0.9211738 0.9739494 0.9211738 0.9739493 0.9044515 0.00390625 0.9624306 0.5194269 0.9624306 0.519427 0.8124339 0.003906286 0.8124339 0.003906515 0.7507007 0.5194272 0.7507007 0.3789894 0.3006825 0.3829461 0.2844351 0.5194269 0.5887378 0.00390625 0.5887378  
					<Normals>: 194 0 1 0 0 1 0 0 1 0 0 1 0 0 0 1 0 -0.00387594 0.9999925 0 0 1 0 -0.00387594 0.9999925 0 1 0 0 1 0 0 1 0 0 1 0 0 0 1 0 0 1 0 0.3826815 0.9238803 0 0.9238803 0.3826815 0 0.9238803 0.3826815 0 0.3826815 0.9238803 0 0.3533466 0.9354925 0 0.9198036 0.3923792 0 0.9198036 0.3923792 0 0.3533466 0.9354925 0 0.3799883 0.9249913 0 0.9235134 0.3835663 0 0.9235134 0.3835663 0 0.3799883 0.9249913 0 0.3826815 0.9238803 0 0.9238803 0.3826815 0 0.9238803 0.3826815 0 0.3826815 0.9238803 0 0.3826815 0.9238803 0 0.9238803 0.3826815 0 0.9238803 0.3826815 0 0.3826815 0.9238803 0 0.3826815 0.9238803 0 0.9238803 0.3826815 0 0.9238803 0.3826815 0 0.3826815 0.9238803 -1 0 0 -1 0 0 -1 0 0 -1 0 0 -1 0 0 -1 0 0 1 0 0 1 0 0 1 0 0 0 -1 0 1 0 0 1 0 0 0 0.9028678 0.4299182 0 1 0 0 0.9754148 0.220377 0 1 0 1 0 0 1 0 0 0 -0.902033 -0.4316671 0 -0.9999971 0.002411029 0 -0.9754701 -0.2201316 0 -0.9999971 0.002411029 1 0 0 1 0 0 -1 0 0 -1 0 0 0 0 -1 0 0 -1 -1 0 0 -1 0 0 0 0 -1 0 0 -1 1 0 0 0 -1 0 1 0 0 1 0 0 0 0.9028678 0.4299182 0 1 0 0 0.9754148 0.220377 0 1 0 1 0 0 1 0 0 0 -0.902033 -0.4316671 0 -0.9999971 0.002411029 0 -0.9754701 -0.2201316 0 -0.9999971 0.002411029 1 0 0 1 0 0 0 0 -1 0 0 -1 0 0 1 0 1 0 0 0 1 0 1 0 0 0.3826815 0.9238803 0 0.9238803 0.3826815 0 0.9238803 0.3826815 0 0.3826815 0.9238803 0 0 -1 0 0 -1 0 1 0 0 1 0 0 1 0 0 1 0 0 -0.04202405 0.9991166 0 -0.04202405 0.9991166 0 0 1 0 0 1 0 0.9198036 0.3923792 0 0.9198036 0.3923792 0 0.9238803 0.3826815 0 0.9238803 0.3826815 0 0.9238803 0.3826815 0 0.9238803 0.3826815 0 0.3826815 0.9238803 0 0 1 0 0 1 0 0.3826815 0.9238803 0 0.9238803 0.3826815 0 0.9238803 0.3826815 0 -1 0 0 -1 0 0 -1 0 0 -1 0 0 -1 0 1 0 0 0 0 1 0 0 1 0 0 1 0 0 1 0 0 -1 0 0 -1 0 0 -1 0 0 -1 0 0.9028678 0.4299182 0 0.9754148 0.220377 0 -0.9754701 -0.2201316 0 -0.902033 -0.4316671 -1 0 0 -1 0 0 -1 0 0 -1 0 0 -1 0 0 -1 0 0 0 -0.4379486 0.899 0 -0.4379486 0.899 0 -0.4379486 0.899 0 -0.4379486 0.899 0 0 -1 0 0 -1 0 0 -1 0 0 -1 -1 0 0 -1 0 0 1 0 0 1 0 0 0 -1 0 0 -1 0 0 -1 0 0 -1 0 0 -1 0 1 0 0 0 0 1 0 0 1 0 0 1 0 0 1 1 0 0 1 0 0 0 0.9028678 0.4299182 0 0.9754148 0.220377 0 -0.9754701 -0.2201316 0 -0.902033 -0.4316671 -1 0 0 -1 0 0 -1 0 0 -1 0 0 -1 0 0 -1 0 0 0 -0.4379486 0.899 0 -0.4379486 0.899 0 -0.4379486 0.899 0 -0.4379486 0.899 0 0 -1 0 0 -1 0 0 -1 0 0 -1 0 1 0 0 1 0 0 1 0 0 1 0 0 0.9238803 0.3826815 0 0.9238803 0.3826815 1 0 0 1 0 0 0 0.3799883 0.9249913 0 0.3799883 0.9249913  
					<Tangents>: 194 1 0 0 1 0 0 1 0 1.592435E-07 1 0 0 1 -1.289128E-07 0 1 0 0 1 0 0 1 0 0 1 0 0 1 0 1.589038E-07 1 0 0 1 0 0 1 -1.289127E-07 0 1 0 0 1 0 0 1 0 0 1 0 0 1 0 0 1 0 0 1 0 0 1 0 0 1 0 0 1 0 0 1 -5.515552E-08 1.32798E-07 1 -1.609282E-09 3.874672E-09 1 0 0 1 -8.563727E-08 3.547191E-08 1 0 0 1 0 0 1 -1.942492E-08 8.046019E-09 1 6.897113E-08 -2.856861E-08 1 -3.551433E-08 8.573967E-08 1 3.529797E-08 -8.521734E-08 1 1.984762E-08 -8.221105E-09 1 -8.561376E-08 3.546218E-08 1 0 0 1 0 0 1 -1.941959E-08 8.043812E-09 0 -1.931411E-06 1 0 -7.260955E-06 1 0 5.960464E-08 1 0 5.960464E-08 1 0 -5.54305E-09 1 0 2.988905E-08 1 0 5.960464E-08 1 0 5.960464E-08 1 0 -7.260955E-06 1 0 0 1 0 2.988905E-08 1 0 -5.54305E-09 1 0 -0.4299182 0.9028679 2.79745E-07 0 1 -1.285719E-07 -0.220377 0.9754148 3.491718E-07 0 1 0 -0.4315846 0.9020725 0 -0.2208586 0.9753059 0 -0.4316671 0.902033 -3.56901E-07 0.002411029 0.9999971 -3.69397E-08 -0.2201316 0.9754702 -2.845251E-07 0.002411029 0.9999971 0 -0.4316731 0.9020301 0 -0.2195116 0.9756099 0 -1.931411E-06 1 0 -7.260955E-06 1 0 -1 0 0 -1 0 0 -5.54305E-09 1 0 2.988905E-08 1 0 -1 0 0 -1 0 0 -7.260955E-06 1 0 0 1 0 2.988905E-08 1 0 -5.54305E-09 1 0 -0.4299182 0.9028679 2.79745E-07 0 1 -1.285718E-07 -0.220377 0.9754148 3.491718E-07 0 1 0 -0.4315846 0.9020725 0 -0.2208586 0.9753059 0 -0.4316671 0.902033 -3.56901E-07 0.002411029 0.9999971 -3.693969E-08 -0.2201316 0.9754702 -2.845251E-07 0.002411029 0.9999971 0 -0.4316731 0.9020301 0 -0.2195116 0.9756099 1 -2.409316E-07 0 1 -3.124209E-07 0 1 1.289132E-07 0 1 0 0 1 0 0 1 0 0 1 6.897113E-08 -2.856861E-08 1 -1.834552E-09 4.429026E-09 1 -5.801513E-08 1.400617E-07 1 1.984762E-08 -8.221105E-09 1 -3.21242E-07 0 1 -2.497526E-07 0 1 0 0 1 0 0 1 0 0 1 0 0 1 0 0 1 0 0 1 0 0 1 1.289132E-07 0 1 0 0 1 0 0 1 -3.217613E-08 7.76805E-08 1 0 0 1 -3.213837E-08 7.758934E-08 1 0 0 1 0 0 1 0 0 1 0 0 1 0 0 1 -1.834546E-09 4.429012E-09 1 -5.801532E-08 1.400622E-07 0 0 1 0 0 1 0 0 1 0 0 1 0 0 1 0 -1.931411E-06 1 -1 0 0 -1 0 0 -1 0 0 -1 0 0 0 -1 0 0 -1 0 0 -1 0 0 -1 0 -5.230253E-08 -0.4299182 0.9028679 -1.201163E-07 -0.220377 0.9754148 0 -0.2201316 0.9754702 0 -0.4316671 0.902033 0 0.002285159 0.9999974 0 0.002427511 0.9999971 0 -0.2215303 0.9751535 0 -0.2228431 0.9748544 0 -0.4300198 0.9028195 0 -0.4299335 0.9028605 -1 0 0 -1 0 0 -1 0 0 -1 0 0 -1 0 0 -1 0 0 -1 0 0 -1 0 0 0 5.960464E-08 1 0 5.960464E-08 1 0 5.960464E-08 1 0 5.960464E-08 1 0 0 1 0 0 1 0 0 1 0 0 1 0 0 1 0 -1.931411E-06 1 -1 0 0 -1 0 0 -1 0 0 -1 0 0 0 0.0001395652 1 0 5.929015E-08 1 -5.230252E-08 -0.4299182 0.9028679 -1.201163E-07 -0.220377 0.9754148 0 -0.2201316 0.9754702 0 -0.4316671 0.902033 0 0.002285159 0.9999974 0 0.002427511 0.9999971 0 -0.2215303 0.9751535 0 -0.2228431 0.9748544 0 -0.4300198 0.9028195 0 -0.4299335 0.9028605 -1 0 0 -1 0 0 -1 0 0 -1 0 0 -1 0 0 -1 0 0 -1 0 0 -1 0 0 1 0 0 1 0 0 1 0 1.589033E-07 1 0 0 1 3.529797E-08 -8.521734E-08 1 -3.551433E-08 8.573967E-08 0 0.0001395652 1 0 5.929015E-08 1 1 0 0 1 -8.54694E-08 3.511101E-08  
					<BiTangents>: 194 0 0 1 0 0 1 -1.592435E-07 0 1 0 0 1 -1.289128E-07 -1 0 0 -0.9999925 -0.00387594 0 -1 0 0 -0.9999925 -0.00387594 0 0 1 -1.589038E-07 0 1 0 0 1 0 0 1 -1.289127E-07 -1 0 0 -1 0 0 -0.9238803 0.3826815 0 -0.3826815 0.9238803 0 -0.3826815 0.9238803 0 -0.9238803 0.3826815 0 -0.9354925 0.3533466 0 -0.3923792 0.9198036 0 -0.3923792 0.9198036 0 -0.9354925 0.3533466 0 -0.9249913 0.3799883 -1.437966E-07 -0.3835663 0.9235134 -4.195578E-09 -0.3835663 0.9235134 0 -0.9249913 0.3799883 -9.269304E-08 -0.9238803 0.3826815 0 -0.3826815 0.9238803 0 -0.3826815 0.9238803 -2.102536E-08 -0.9238803 0.3826815 7.465375E-08 -0.9238803 0.3826815 -9.280387E-08 -0.3826815 0.9238803 9.223851E-08 -0.3826815 0.9238803 2.148289E-08 -0.9238803 0.3826815 -9.266759E-08 -0.9238803 0.3826815 0 -0.3826815 0.9238803 0 -0.3826815 0.9238803 -2.10196E-08 -0.9238803 0.3826815 0 1 1.931411E-06 0 1 7.260955E-06 0 1 -5.960464E-08 0 1 -5.960464E-08 0 1 5.54305E-09 0 1 -2.988905E-08 0 1 -5.960464E-08 0 1 -5.960464E-08 0 1 7.260955E-06 1 0 0 0 1 -2.988905E-08 0 1 5.54305E-09 -1 0 0 -1 0 2.79745E-07 -1 2.833428E-08 -1.254109E-07 -1 0 3.491718E-07 0 0.9020725 0.4315846 0 0.9753059 0.2208586 1 0 0 1 8.604987E-10 3.569E-07 1 -8.131596E-09 3.603357E-08 1 6.859983E-10 2.845243E-07 0 0.9020301 0.4316731 0 0.9756099 0.2195116 0 1 1.931411E-06 0 1 7.260955E-06 1 0 0 1 0 0 0 1 5.54305E-09 0 1 -2.988905E-08 1 0 0 1 0 0 0 1 7.260955E-06 1 0 0 0 1 -2.988905E-08 0 1 5.54305E-09 -1 0 0 -1 0 2.79745E-07 -1 2.833428E-08 -1.254109E-07 -1 0 3.491718E-07 0 0.9020725 0.4315846 0 0.9753059 0.2208586 1 0 0 1 8.604986E-10 3.569E-07 1 -8.131594E-09 3.603357E-08 1 6.859982E-10 2.845243E-07 0 0.9020301 0.4316731 0 0.9756099 0.2195116 -2.409316E-07 -1 0 -3.124209E-07 -1 0 1.289132E-07 -1 0 0 0 1 0 -1 0 0 0 1 7.465375E-08 -0.9238803 0.3826815 -4.793939E-09 -0.3826815 0.9238803 -1.516016E-07 -0.3826815 0.9238803 2.148289E-08 -0.9238803 0.3826815 -3.21242E-07 -1 0 -2.497526E-07 -1 0 0 0 1 0 0 1 0 0 1 0 0 1 0 -0.9991166 -0.04202405 0 -0.9991166 -0.04202405 0 -1 0 1.289132E-07 -1 0 0 -0.3923792 0.9198036 0 -0.3923792 0.9198036 -8.40807E-08 -0.3826815 0.9238803 0 -0.3826815 0.9238803 -8.398203E-08 -0.3826815 0.9238803 0 -0.3826815 0.9238803 0 -0.9238803 0.3826815 0 -1 0 0 -1 0 0 -0.9238803 0.3826815 -4.793924E-09 -0.3826815 0.9238803 -1.516021E-07 -0.3826815 0.9238803 1 0 0 1 0 0 1 0 0 1 0 0 1 0 0 0 1 1.931411E-06 0 1 0 0 1 0 0 1 0 0 1 0 1 0 0 1 0 0 1 0 0 1 0 0 -1 2.248581E-08 -4.722228E-08 -1 2.647088E-08 -1.171632E-07 1 0 0 1 0 0 0 0.9999974 -0.002285159 0 0.9999971 -0.002427511 0 0.9751535 0.2215303 0 0.9748544 0.2228431 0 0.9028195 0.4300198 0 0.9028605 0.4299335 0 0.899 0.4379486 0 0.899 0.4379486 0 0.899 0.4379486 0 0.899 0.4379486 0 -1 0 0 -1 0 0 -1 0 0 -1 0 0 1 -5.960464E-08 0 1 -5.960464E-08 0 1 -5.960464E-08 0 1 -5.960464E-08 1 0 0 1 0 0 1 0 0 1 0 0 1 0 0 0 1 1.931411E-06 0 1 0 0 1 0 0 1 0 0 1 0 0 1 -0.0001395652 0 1 -5.929015E-08 -1 2.248581E-08 -4.722227E-08 -1 2.647088E-08 -1.171632E-07 1 0 0 1 0 0 0 0.9999974 -0.002285159 0 0.9999971 -0.002427511 0 0.9751535 0.2215303 0 0.9748544 0.2228431 0 0.9028195 0.4300198 0 0.9028605 0.4299335 0 0.899 0.4379486 0 0.899 0.4379486 0 0.899 0.4379486 0 0.899 0.4379486 0 -1 0 0 -1 0 0 -1 0 0 -1 0 0 0 1 0 0 1 -1.589033E-07 0 1 0 0 1 9.223851E-08 -0.3826815 0.9238803 -9.280387E-08 -0.3826815 0.9238803 0 1 -0.0001395652 0 1 -5.929015E-08 0 -0.9249913 0.3799883 -9.240022E-08 -0.9249913 0.3799883  
					<SubMeshes>: 1
						<SubMesh>: 0 354 37 13 12 37 12 34 36 35 8 36 8 10 20 19 0 20 0 1 16 15 98 16 98 99 25 7 5 25 5 22 28 27 100 28 100 101 24 23 2 24 2 3 21 102 103 21 103 18 29 6 4 29 4 26 33 104 105 33 105 30 16 17 14 16 14 15 106 21 18 106 18 107 108 29 26 108 26 109 32 33 30 32 30 31 110 37 34 110 34 111 112 113 114 112 114 115 116 117 9 116 9 11 64 65 68 64 68 69 41 40 43 41 43 42 42 43 38 42 38 39 44 49 48 44 48 45 118 119 120 118 120 47 119 121 122 119 122 120 49 46 123 49 123 48 124 125 126 124 126 127 128 129 130 128 130 131 54 60 61 54 61 55 52 50 132 52 132 133 51 52 133 51 133 53 58 57 59 58 59 134 56 58 134 56 134 135 136 137 138 136 138 139 139 138 140 139 140 141 142 143 144 142 144 145 146 147 148 146 148 149 97 96 87 97 87 86 150 151 67 150 67 66 66 67 62 66 62 63 152 73 72 152 72 153 154 155 156 154 156 71 155 157 158 155 158 156 73 70 159 73 159 72 160 161 162 160 162 163 55 61 164 55 164 165 78 84 85 78 85 79 76 74 166 76 166 167 75 76 167 75 167 77 82 81 83 82 83 168 80 82 168 80 168 169 170 171 172 170 172 173 173 172 174 173 174 175 176 177 178 176 178 179 180 181 182 180 182 183 91 89 184 91 184 185 186 94 93 186 93 187 95 90 88 95 88 92 188 95 92 188 92 189 79 85 190 79 190 191 24 192 193 24 193 23  
				</Mesh>
				<Materials>: 1
					<Material>: 0
						<AlbedoColor>: 1 1 1 1
						<EmissiveColor>: 0 0 0 0
						<Glossiness>: 0
						<Metallic>: 0
						<SpecularHighlight>: 1
						<GlossyReflection>: 1
						<AlbedoMap>: @BLD_Structures2_A
						<MetallicMap>: @BLD_Structures2_MS
						<NormalMap>: @BLD_Structures2_N
						<EmissionMap>: null
						<DetailAlbedoMap>: @DET_Concrete1_A
						<DetailNormalMap>: @DET_Concrete1_N
				</Materials>
				<Children>: 0
			</Frame>
			<Frame>: 3 0 Struct_ExtStairs_B_LOD2
				<Transform>: 0 0 0 2.504478E-06 0 0 1 1 1 2.185569E-08 0 0 1  
				<TransformMatrix>: 1 0 0 0 0 1 4.371139E-08 0 0 -4.371139E-08 1 0 0 0 0 1  
				<Mesh>: 168 Struct_ExtStairs_B_LOD2
					<Bounds>: -3.300268 0.598933 2.044696 3.324607 0.6010672 2.055305
					<Positions>: 168 -0.4429787 0.4530541 2.753517 -6.196748 0.4530541 2.753517 -0.4429787 0.303054 3.097204 -6.196748 0.303054 3.097204 -0.4429787 0.003053979 3.653518 -0.4429787 0.1530541 3.402936 -6.196748 0.003053979 3.653518 -6.196748 0.1530541 3.402936 -0.4429787 0.753054 2.203518 -0.4429787 0.9030538 1.897885 -6.196748 0.753054 2.203518 -6.196748 0.9030538 1.897885 -0.4429787 0.6030539 2.453518 -6.196748 0.6030539 2.453518 -0.4429787 0.5834554 2.753517 -6.196748 0.5834554 2.753517 -0.4429787 0.4334728 3.102694 -6.196748 0.4334728 3.102694 -0.4429787 0.2834555 3.403442 -6.196748 0.2834555 3.403442 -0.4429787 0.1530541 3.633919 -6.196748 0.1530541 3.633919 -0.4429787 0.9030538 2.183919 -6.196748 0.9030538 2.183919 -0.4429787 0.753054 2.433919 -6.196748 0.753054 2.433919 -6.599999 1.704744E-07 3.900001 -6.599999 0.2000002 3.900001 -6.599999 1.065814E-14 2.384186E-07 -6.599999 1.1 2.384186E-07 -6.599999 1.1 2 -6.599999 8.742278E-08 2 -5.999999 1.1 2.384186E-07 -5.999999 1.065814E-14 2.384186E-07 -5.999999 0.2000002 3.900001 -5.999999 1.704744E-07 3.900001 -5.999999 8.742278E-08 2 -5.999999 1.1 2 -6.624875 0.2000002 4.1 -6.624875 1.2 -0.01060843 -6.624875 1.2 2 -5.975661 1.2 -0.01060843 -5.975661 0.2000002 4.1 -5.975661 1.2 2 -6.624875 0.03221495 4.018264 -6.624875 1.013361 -0.01060843 -6.624875 1.01814 1.958061 -5.975661 1.013361 -0.01060843 -5.975661 0.03221495 4.018264 -5.975661 1.01814 1.958061 -0.5999993 1.704744E-07 3.900001 -0.5999993 0.2000002 3.900001 -0.5999993 1.065814E-14 2.384186E-07 -0.5999993 1.1 2.384186E-07 -0.5999993 1.1 2 -0.5999993 8.742278E-08 2 1.035631E-06 1.1 2.384186E-07 1.035631E-06 1.065814E-14 2.384186E-07 1.035631E-06 0.2000002 3.900001 1.035631E-06 1.704744E-07 3.900001 1.035631E-06 8.742278E-08 2 1.035631E-06 1.1 2 -0.6248749 0.2000002 4.1 -0.6248749 1.2 -0.01060843 -0.6248749 1.2 2 0.0243388 1.2 -0.01060843 0.0243388 0.2000002 4.1 0.0243388 1.2 2 -0.6248749 0.03221495 4.018264 -0.6248749 1.013361 -0.01060843 -0.6248749 1.01814 1.958061 0.0243388 1.013361 -0.01060843 0.0243388 0.03221495 4.018264 0.0243388 1.01814 1.958061 -6.196748 -0.002134204 0.01833217 -0.4429787 -0.002134204 0.01833217 -0.4429787 0.8505421 1.998091 -0.4429787 1.000542 1.692459 -6.196748 0.8505421 1.998091 -6.196748 1.000542 1.692459 -0.4429787 1.000542 1.978492 -6.196748 0.9809432 1.998091 -0.4429787 1.000542 0.01833212 -6.196748 1.000542 0.01833212 -0.4429787 0.1530541 3.402936 -6.196748 0.1530541 3.402936 -6.599999 0.2000002 3.900001 -6.599999 1.704744E-07 3.900001 -5.999999 1.704744E-07 3.900001 -5.999999 0.2000002 3.900001 -6.599999 1.065814E-14 2.384186E-07 -6.599999 1.1 2.384186E-07 -5.999999 1.1 2.384186E-07 -5.999999 1.065814E-14 2.384186E-07 -5.975661 0.2000002 4.1 -5.975661 1.2 2 -5.975661 1.01814 1.958061 -5.975661 0.03221495 4.018264 -6.624875 1.2 -0.01060843 -6.624875 1.013361 -0.01060843 -6.624875 1.01814 1.958061 -6.624875 1.2 2 -6.624875 0.03221495 4.018264 -6.624875 0.2000002 4.1 -6.624875 0.2000002 4.1 -6.624875 0.03221495 4.018264 -5.975661 0.03221495 4.018264 -5.975661 0.2000002 4.1 -5.975661 1.2 -0.01060843 -5.975661 1.013361 -0.01060843 -6.624875 1.013361 -0.01060843 -6.624875 1.2 -0.01060843 -0.5999993 1.1 2.384186E-07 -0.5999993 1.065814E-14 2.384186E-07 1.035631E-06 1.1 2.384186E-07 1.035631E-06 1.065814E-14 2.384186E-07 -0.5999993 0.2000002 3.900001 -0.5999993 1.704744E-07 3.900001 1.035631E-06 1.704744E-07 3.900001 1.035631E-06 0.2000002 3.900001 -5.975661 1.013361 -0.01060843 -5.975661 1.2 -0.01060843 0.0243388 0.2000002 4.1 0.0243388 1.2 2 0.0243388 1.01814 1.958061 0.0243388 0.03221495 4.018264 -0.6248749 1.2 -0.01060843 -0.6248749 1.013361 -0.01060843 -0.6248749 1.01814 1.958061 -0.6248749 1.2 2 -0.6248749 0.03221495 4.018264 -0.6248749 0.2000002 4.1 -0.6248749 0.2000002 4.1 -0.6248749 0.03221495 4.018264 0.0243388 0.03221495 4.018264 0.0243388 0.2000002 4.1 0.0243388 1.2 -0.01060843 0.0243388 1.013361 -0.01060843 -0.6248749 1.013361 -0.01060843 -0.6248749 1.2 -0.01060843 -0.4429787 1.000542 0.01833212 -6.196748 1.000542 0.01833212 0.0243388 1.013361 -0.01060843 0.0243388 1.2 -0.01060843 -6.196748 0.753054 2.433919 -0.4429787 0.753054 2.433919 -6.196748 0.4334728 3.102694 -0.4429787 0.4334728 3.102694 -0.4429787 0.4530541 2.753517 -6.196748 0.4530541 2.753517 -6.196748 0.5834554 2.753517 -0.4429787 0.5834554 2.753517 -0.4429787 0.6030539 2.453518 -6.196748 0.6030539 2.453518 -6.196748 0.2834555 3.403442 -0.4429787 0.2834555 3.403442 -0.4429787 0.303054 3.097204 -6.196748 0.303054 3.097204 -6.196748 0.1530541 3.633919 -0.4429787 0.1530541 3.633919 -6.196748 0.9030538 2.183919 -6.196748 0.753054 2.203518 -0.4429787 0.753054 2.203518 -0.4429787 0.9030538 2.183919 -6.196748 1.000542 1.692459 -0.4429787 1.000542 1.692459 -6.196748 0.9809432 1.998091 -0.4429787 1.000542 1.978492  
					<Colors>: 0  
					<TextureCoords0>: 168 0.5997145 0.2065346 0.08538875 0.2065346 0.8548294 0.2065346 0.3405038 0.2065346 0.5997145 0.2065346 0.7718194 0.2065346 0.08538875 0.2065346 0.2574937 0.2065346 0.7718194 0.2377781 0.5997145 0.2377781 0.2574937 0.2377781 0.08538875 0.2377781 0.7718194 0.2065346 0.2574937 0.2065346 0.5997145 0.2168623 0.08538875 0.2168623 0.8548294 0.2168636 0.3405038 0.2168636 0.7718195 0.2168623 0.2574937 0.2168623 0.5997145 0.2200075 0.08538874 0.2200075 0.5997145 0.2197207 0.08538876 0.2197206 0.7718194 0.2200112 0.2574937 0.2200112 0.5992059 0.3052467 0.5992059 0.2931105 0.427685 0.3052467 0.427685 0.2384987 0.513695 0.2384987 0.513695 0.3052467 0.427685 0.2384987 0.427685 0.3052467 0.5992059 0.2931105 0.5992059 0.3052467 0.513695 0.3052467 0.513695 0.2384987 0.5988325 0.250158 0.2569354 0.250158 0.4270005 0.250158 0.2569354 0.3052769 0.5985354 0.2383623 0.4270005 0.2383623 0.5988325 0.3052769 0.2569354 0.3052769 0.4270602 0.3052769 0.2569354 0.250203 0.5985354 0.250158 0.4270005 0.250158 0.5992059 0.3052467 0.5992059 0.2931105 0.4268682 0.3052527 0.3422062 0.3052527 0.513695 0.2384987 0.513695 0.3052467 0.3422062 0.2508249 0.4268682 0.2508249 0.5992059 0.2931105 0.5992059 0.3052467 0.513695 0.3052467 0.513695 0.2384987 0.5988325 0.250158 0.2569354 0.250158 0.4270005 0.250158 0.2569354 0.3052769 0.5985354 0.2383623 0.4270005 0.2383623 0.5988325 0.3052769 0.2569354 0.3052769 0.4270602 0.3052769 0.2569354 0.250203 0.5985354 0.250158 0.4270005 0.250158 0.5571061 0.7451431 0.8894171 0.7451432 0.5997145 0.2065346 0.8899394 0.8102343 0.08538875 0.2065346 0.5576285 0.8102343 0.5997145 0.2197207 0.08538876 0.2197206 0.8894171 0.8098107 0.5571061 0.8098106 0.5997145 0.2377781 0.08538875 0.2377781 0.5981529 0.2390252 0.5981529 0.2503409 0.5134116 0.2503409 0.5134116 0.2390252 0.4268682 0.3052527 0.3422062 0.3052527 0.3422062 0.2508249 0.4268682 0.2508249 0.5988325 0.3052769 0.4270005 0.3052769 0.4270602 0.250203 0.5988324 0.250203 0.2567707 0.2383623 0.2567707 0.250158 0.4270005 0.250158 0.4270005 0.2383623 0.5985354 0.250158 0.5985354 0.2383623 0.5126771 0.2382041 0.5126771 0.2501777 0.428114 0.2501777 0.428114 0.2382041 0.4281143 0.250178 0.428114 0.2382041 0.5126774 0.2382041 0.5126774 0.250178 0.427685 0.2384987 0.427685 0.3052467 0.427685 0.2384987 0.427685 0.3052467 0.5981529 0.2390252 0.5981529 0.2503409 0.5134116 0.2503409 0.5134116 0.2390252 0.2567707 0.250158 0.2567707 0.2383623 0.5988325 0.3052769 0.4270005 0.3052769 0.4270602 0.250203 0.5988324 0.250203 0.2567707 0.2383623 0.2567707 0.250158 0.4270005 0.250158 0.4270005 0.2383623 0.5985354 0.250158 0.5985354 0.2383623 0.5126771 0.2382041 0.5126771 0.2501777 0.428114 0.2501777 0.428114 0.2382041 0.4281143 0.250178 0.428114 0.2382041 0.5126774 0.2382041 0.5126774 0.250178 0.8899394 0.9069405 0.5576285 0.9069405 0.2567707 0.250158 0.2567707 0.2383623 0.2574937 0.2168623 0.7718194 0.2168623 0.3405038 0.219555 0.8548294 0.219555 0.8548294 0.2377781 0.3405038 0.2377781 0.08538875 0.2197451 0.5997145 0.2197451 0.5997145 0.2377781 0.08538875 0.2377781 0.2574937 0.2197176 0.7718195 0.2197177 0.7718194 0.2377781 0.2574937 0.2377781 0.08538875 0.2168623 0.5997145 0.2168623 0.08538875 0.2168623 0.08538875 0.2065346 0.5997145 0.2065346 0.5997145 0.2168623 0.08538875 0.2377781 0.5997145 0.2377781 0.08538875 0.2168623 0.5997145 0.2168623  
					<TextureCoords1>: 168 0.5484596 0.7865347 0.00390625 0.7865347 0.5484596 0.7702869 0.00390625 0.7702869 0.5484596 0.7358032 0.5484595 0.4982405 0.00390625 0.7358032 0.003906383 0.4982406 0.00390625 0.4252482 0.00390625 0.4819926 0.5484593 0.4252482 0.5484593 0.4819926 0.5484595 0.516464 0.003906399 0.516464 0.5484599 0.7741932 0.003906562 0.7741932 0.5484599 0.7579328 0.003906562 0.7579328 0.5484594 0.4858989 0.00390625 0.485899 0.003906259 0.4291545 0.5484593 0.4291545 0.003906258 0.4549215 0.5484594 0.4549215 0.003906258 0.4034424 0.5484593 0.4034424 0.9214727 0.2349884 0.9214727 0.2160598 0.5523657 0.2349884 0.5523655 0.1308812 0.7416512 0.1308812 0.7416513 0.2349885 0.9214728 0.2388948 0.9214727 0.3430019 0.5523655 0.3240733 0.5523655 0.3430019 0.7321869 0.3430018 0.7321869 0.2388947 0.9627925 0.9778704 0.5523688 0.9778704 0.7426587 0.9778704 0.5523688 0.916427 0.00390625 0.3169273 0.2194063 0.2719989 0.9548479 0.6561365 0.5523659 0.6561365 0.738687 0.6561365 0.5523659 0.7175798 0.007664988 0.3341865 0.2191903 0.289661 0.9214727 0.1269749 0.9214727 0.1080463 0.4081988 0.3341865 0.512306 0.3341865 0.7416512 0.0228678 0.7416513 0.126975 0.512306 0.2774008 0.4081989 0.2774008 0.5523655 0.4320868 0.5523655 0.4510153 0.7321869 0.4510153 0.7321869 0.3469082 0.9627925 0.9125208 0.5523688 0.9125208 0.7426587 0.9125208 0.5523688 0.8510773 0.00390625 0.2508335 0.2194063 0.2059051 0.4063882 0.3380927 0.003906265 0.3380927 0.1902274 0.3380927 0.00390625 0.3995361 0.007664988 0.2680926 0.2191903 0.2235672 0.5484596 0.7175798 0.00390625 0.7175798 0.5484596 0.9960938 0.00390649 0.8194264 0.00390625 0.9959731 0.5484598 0.8194264 0.00390625 0.7923553 0.5484626 0.790441 0.003906266 0.6226838 0.5484596 0.6226838 0.00390625 0.4510153 0.5484593 0.4510153 0.6830683 0.8282425 0.6830683 0.8471711 0.739854 0.8471711 0.739854 0.8282425 0.4102945 0.3995361 0.5144017 0.3995361 0.5144017 0.3427504 0.4102945 0.3427504 0.9627925 0.916427 0.7426587 0.916427 0.738687 0.7175798 0.9548478 0.7175798 0.00390625 0.1848364 0.008085909 0.2019988 0.1890085 0.1574734 0.1887925 0.1398113 0.4005339 0.2019988 0.4042925 0.1847396 0.5523688 0.8079371 0.5523689 0.8256008 0.6138123 0.8256008 0.6138123 0.8079371 0.5523688 0.8295071 0.5523689 0.8471711 0.6138123 0.8471711 0.6138123 0.8295071 0.5523655 0.02286774 0.5523657 0.1269749 0.9214728 0.3469082 0.9214727 0.4510153 0.6830683 0.8054076 0.6830683 0.8243362 0.739854 0.8243362 0.739854 0.8054076 0.400113 0.3341865 0.4042926 0.3170241 0.9627925 0.8510773 0.7426587 0.8510773 0.1902274 0.3995361 0.4063882 0.3995361 0.00390625 0.1187426 0.008085909 0.135905 0.1890085 0.09137964 0.1887925 0.07371742 0.4005339 0.135905 0.4042925 0.1186458 0.6177185 0.8079371 0.6177186 0.8256008 0.679162 0.8256008 0.679162 0.8079371 0.6177185 0.8295071 0.6177186 0.8471711 0.679162 0.8471711 0.679162 0.8295071 0.003906453 0.9778704 0.5484598 0.9778704 0.400113 0.2680926 0.4042926 0.2509302 0.00390625 0.5021468 0.5484594 0.5021468 0.5484596 0.5856786 0.003906261 0.5856786 0.00390625 0.6187775 0.5484595 0.6187775 0.5484595 0.5203702 0.00390626 0.5203702 0.00390625 0.5488235 0.5484595 0.5488235 0.5484595 0.5527298 0.00390626 0.5527298 0.00390625 0.5817723 0.5484595 0.5817723 0.003906544 0.7214861 0.5484599 0.7214861 0.003906544 0.7397095 0.00390625 0.7540265 0.5484596 0.7540265 0.5484599 0.7397095 0.5484598 0.8194264 0.00390649 0.8194264 0.003909296 0.9836316 0.5484655 0.9817767  
					<Normals>: 168 0 0 1 0 0 1 0 -0.04202405 0.9991166 0 -0.04202405 0.9991166 0 0.1295544 0.9915723 0 -0.00387594 0.9999925 0 0.1295544 0.9915723 0 -0.00387594 0.9999925 0 0.7515169 0.6597137 0 1 0 0 0.7515169 0.6597137 0 1 0 0 0.7295963 0.6838782 0 0.7295963 0.6838782 0 0 1 0 0 1 0 -0.04202405 0.9991166 0 -0.04202405 0.9991166 0 -0.00387594 0.9999925 0 -0.00387594 0.9999925 0 0.7515169 0.6597137 0 0.7515169 0.6597137 0 0.7515169 0.6597137 0 0.7515169 0.6597137 0 0.7515169 0.6597137 0 0.7515169 0.6597137 -1 0 0 -1 0 0 -1 0 0 -1 0 0 -1 0 0 -1 0 0 1 0 0 1 0 0 1 0 0 1 0 0 1 0 0 1 0 0 0 0.9028678 0.4299182 0 1 0 0 0.9754148 0.220377 0 1 0 1 0 0 1 0 0 0 -0.902033 -0.4316671 0 -0.9999971 0.002411029 0 -0.9754701 -0.2201316 0 -0.9999971 0.002411029 1 0 0 1 0 0 -1 0 0 -1 0 0 0 0 -1 0 0 -1 -1 0 0 -1 0 0 0 0 -1 0 0 -1 1 0 0 1 0 0 1 0 0 1 0 0 0 0.9028678 0.4299182 0 1 0 0 0.9754148 0.220377 0 1 0 1 0 0 1 0 0 0 -0.902033 -0.4316671 0 -0.9999971 0.002411029 0 -0.9754701 -0.2201316 0 -0.9999971 0.002411029 1 0 0 1 0 0 0 0 -1 0 0 -1 0.001556456 0.06970483 0.9975665 -0.0007934935 0.9998629 0.01654129 0.001556456 0.06970483 0.9975665 -0.0007934935 0.9998629 0.01654129 -3.05191E-05 0.7213799 0.6925395 -3.051941E-05 0.718549 0.6954764 0 0 -1 0 0 -1 0 1 0 0 1 0 0 0 1 0 0 1 0 0 1 0 0 1 0 0 -1 0 0 -1 0 0 -1 0 0 -1 0 0.9028678 0.4299182 0 0.9754148 0.220377 0 -0.9754701 -0.2201316 0 -0.902033 -0.4316671 -1 0 0 -1 0 0 -1 0 0 -1 0 0 -1 0 0 -1 0 0 0 -0.4379486 0.899 0 -0.4379486 0.899 0 -0.4379486 0.899 0 -0.4379486 0.899 0 0 -1 0 0 -1 0 0 -1 0 0 -1 -1 0 0 -1 0 0 1 0 0 1 0 0 0 0 1 0 0 1 0 0 1 0 0 1 1 0 0 1 0 0 0 0.9028678 0.4299182 0 0.9754148 0.220377 0 -0.9754701 -0.2201316 0 -0.902033 -0.4316671 -1 0 0 -1 0 0 -1 0 0 -1 0 0 -1 0 0 -1 0 0 0 -0.4379486 0.899 0 -0.4379486 0.899 0 -0.4379486 0.899 0 -0.4379486 0.899 0 0 -1 0 0 -1 0 0 -1 0 0 -1 0 1 0 0 1 0 1 0 0 1 0 0 0 0.7515169 0.6597137 0 0.7515169 0.6597137 0 0.9984323 0.05597203 0 0.9984323 0.05597203 0 0.9984323 0.05597203 0 0.9984323 0.05597203 0 0.9978731 0.06518815 0 0.9978731 0.06518815 0 0.7295963 0.6838782 0 0.7295963 0.6838782 0 0.9979599 0.06384502 0 0.9979599 0.06384502 0 0.9979599 0.06384502 0 0.9979599 0.06384502 0 0.7515169 0.6597137 0 0.7515169 0.6597137 0 0.7515169 0.6597137 0 0.7515169 0.6597137 0 0.7515169 0.6597137 0 0.7515169 0.6597137 -0.0007934935 0.9998629 0.01654129 -0.0007934935 0.9998629 0.01654129 -3.051941E-05 0.718549 0.6954764 -3.05191E-05 0.7213799 0.6925395  
					<Tangents>: 168 1 0 0 1 0 0 1 0 0 1 0 0 1 -1.479405E-07 1.932925E-08 1 0 0 1 0 0 1 0 0 1 0 0 1 0 1.589038E-07 1 0 0 1 0 0 1 -7.883488E-08 8.41051E-08 1 0 0 1 0 0 1 0 0 1 0 0 1 0 0 1 0 0 1 0 0 1 0 0 1 0 0 1 -8.135491E-08 9.267595E-08 1 -2.572585E-09 2.930576E-09 1 0 0 1 0 0 0 -1.931411E-06 1 0 -7.260955E-06 1 0 5.960464E-08 1 0 5.960464E-08 1 0 -5.54305E-09 1 0 2.988905E-08 1 0 5.960464E-08 1 0 5.960464E-08 1 0 -7.260955E-06 1 0 -1.931411E-06 1 0 2.988905E-08 1 0 -5.54305E-09 1 0 -0.4299182 0.9028679 2.79745E-07 0 1 -1.285719E-07 -0.220377 0.9754148 3.491718E-07 0 1 0 -0.4315846 0.9020725 0 -0.2208586 0.9753059 0 -0.4316671 0.902033 -3.56901E-07 0.002411029 0.9999971 -3.69397E-08 -0.2201316 0.9754702 -2.845251E-07 0.002411029 0.9999971 0 -0.4316731 0.9020301 0 -0.2195116 0.9756099 0 -1.931411E-06 1 0 -7.260955E-06 1 0 -1 0 0 -1 0 0 -5.54305E-09 1 0 2.988905E-08 1 0 -1 0 0 -1 0 0 -7.260955E-06 1 0 -1.931411E-06 1 0 2.988905E-08 1 0 -5.54305E-09 1 0 -0.4299182 0.9028679 2.79745E-07 0 1 -1.285718E-07 -0.220377 0.9754148 3.491718E-07 0 1 0 -0.4315846 0.9020725 0 -0.2208586 0.9753059 0 -0.4316671 0.902033 -3.56901E-07 0.002411029 0.9999971 -3.693969E-08 -0.2201316 0.9754702 -2.845251E-07 0.002411029 0.9999971 0 -0.4316731 0.9020301 0 -0.2195116 0.9756099 1 -2.409316E-07 0 1 -3.124209E-07 0 0.9999924 0.003465859 -0.001802418 0.9999997 0.000793385 1.312541E-05 0.9999988 -0.0001084927 -0.001552671 0.9999997 0.000793385 1.312541E-05 1 0.0001346955 -9.623639E-05 0.9999884 0.003371587 -0.003439559 1 -3.21242E-07 0 1 -2.497526E-07 0 1 0 0 1 0 0 -1 0 0 -1 0 0 -1 0 0 -1 0 0 0 -1 0 0 -1 0 0 -1 0 0 -1 0 -5.230253E-08 -0.4299182 0.9028679 -1.201163E-07 -0.220377 0.9754148 0 -0.2201316 0.9754702 0 -0.4316671 0.902033 0 0.002285159 0.9999974 0 0.002427511 0.9999971 0 -0.2215303 0.9751535 0 -0.2228431 0.9748544 0 -0.4300198 0.9028195 0 -0.4299335 0.9028605 -1 0 0 -1 0 0 -1 0 0 -1 0 0 -1 0 0 -1 0 0 -1 0 0 -1 0 0 0 5.960464E-08 1 0 5.960464E-08 1 0 5.960464E-08 1 0 5.960464E-08 1 -1 0 0 -1 0 0 -1 0 0 -1 0 0 0 0.0001395652 1 0 5.929015E-08 1 -5.230252E-08 -0.4299182 0.9028679 -1.201163E-07 -0.220377 0.9754148 0 -0.2201316 0.9754702 0 -0.4316671 0.902033 0 0.002285159 0.9999974 0 0.002427511 0.9999971 0 -0.2215303 0.9751535 0 -0.2228431 0.9748544 0 -0.4300198 0.9028195 0 -0.4299335 0.9028605 -1 0 0 -1 0 0 -1 0 0 -1 0 0 -1 0 0 -1 0 0 -1 0 0 -1 0 0 1 0 0 1 0 0 0 0.0001395652 1 0 5.929015E-08 1 1 -1.258881E-09 1.434062E-09 1 -7.522931E-08 8.569792E-08 1 0 0 1 0 0 1 0 0 1 0 0 1 0 0 1 0 0 1 0 0 1 0 0 1 -3.811856E-10 5.958302E-09 1 -1.123763E-08 1.75655E-07 1 -1.085644E-08 1.696967E-07 1 0 0 1 -1.258881E-09 1.434062E-09 1 -7.522932E-08 8.569793E-08 1 1.25887E-09 -1.434049E-09 1 0 0 1 7.397075E-08 -8.426423E-08 1 7.522964E-08 -8.569829E-08 0.999994 0.0008488348 -0.003338906 0.9999997 0.000793385 1.312541E-05 1 7.78602E-05 -3.656049E-05 0.9999884 0.003357454 -0.003453205  
					<BiTangents>: 168 0 -1 0 0 -1 0 0 -0.9991166 -0.04202405 0 -0.9991166 -0.04202405 -1.491979E-07 -0.9915723 0.1295545 0 -0.9999925 -0.00387594 0 -0.9915723 0.1295545 0 -0.9999925 -0.00387594 0 -0.6597138 0.751517 -1.589038E-07 0 1 0 -0.6597138 0.751517 0 0 1 -1.152762E-07 -0.6838782 0.7295963 0 -0.6838782 0.7295963 0 -1 0 0 -1 0 0 -0.9991166 -0.04202405 0 -0.9991166 -0.04202405 0 -0.9999925 -0.00387594 0 -0.9999925 -0.00387594 0 -0.6597138 0.751517 0 -0.6597138 0.751517 -1.233185E-07 -0.6597138 0.751517 -3.899548E-09 -0.6597138 0.751517 0 -0.6597138 0.751517 0 -0.6597138 0.751517 0 1 1.931411E-06 0 1 7.260955E-06 0 1 -5.960464E-08 0 1 -5.960464E-08 0 1 5.54305E-09 0 1 -2.988905E-08 0 1 -5.960464E-08 0 1 -5.960464E-08 0 1 7.260955E-06 0 1 1.931411E-06 0 1 -2.988905E-08 0 1 5.54305E-09 -1 0 0 -1 0 2.79745E-07 -1 2.833428E-08 -1.254109E-07 -1 0 3.491718E-07 0 0.9020725 0.4315846 0 0.9753059 0.2208586 1 0 0 1 8.604987E-10 3.569E-07 1 -8.131596E-09 3.603357E-08 1 6.859983E-10 2.845243E-07 0 0.9020301 0.4316731 0 0.9756099 0.2195116 0 1 1.931411E-06 0 1 7.260955E-06 1 0 0 1 0 0 0 1 5.54305E-09 0 1 -2.988905E-08 1 0 0 1 0 0 0 1 7.260955E-06 0 1 1.931411E-06 0 1 -2.988905E-08 0 1 5.54305E-09 -1 0 0 -1 0 2.79745E-07 -1 2.833428E-08 -1.254109E-07 -1 0 3.491718E-07 0 0.9020725 0.4315846 0 0.9753059 0.2208586 1 0 0 1 8.604986E-10 3.569E-07 1 -8.131594E-09 3.603357E-08 1 6.859982E-10 2.845243E-07 0 0.9020301 0.4316731 0 0.9756099 0.2195116 -2.409316E-07 -1 0 -3.124209E-07 -1 0 0.003583062 -0.9975616 0.06969891 -1.543754E-13 -0.01654129 0.9998631 5.756194E-13 -0.9975677 0.06970492 -1.543754E-13 -0.01654129 0.9998631 0.0001627049 -0.6925395 0.72138 0.004816351 -0.6954682 0.7185408 -3.21242E-07 -1 0 -2.497526E-07 -1 0 0 0 1 0 0 1 0 1 0 0 1 0 0 1 0 0 1 0 1 0 0 1 0 0 1 0 0 1 0 0 -1 2.248581E-08 -4.722228E-08 -1 2.647088E-08 -1.171632E-07 1 0 0 1 0 0 0 0.9999974 -0.002285159 0 0.9999971 -0.002427511 0 0.9751535 0.2215303 0 0.9748544 0.2228431 0 0.9028195 0.4300198 0 0.9028605 0.4299335 0 0.899 0.4379486 0 0.899 0.4379486 0 0.899 0.4379486 0 0.899 0.4379486 0 -1 0 0 -1 0 0 -1 0 0 -1 0 0 1 -5.960464E-08 0 1 -5.960464E-08 0 1 -5.960464E-08 0 1 -5.960464E-08 0 1 0 0 1 0 0 1 0 0 1 0 0 1 -0.0001395652 0 1 -5.929015E-08 -1 2.248581E-08 -4.722227E-08 -1 2.647088E-08 -1.171632E-07 1 0 0 1 0 0 0 0.9999974 -0.002285159 0 0.9999971 -0.002427511 0 0.9751535 0.2215303 0 0.9748544 0.2228431 0 0.9028195 0.4300198 0 0.9028605 0.4299335 0 0.899 0.4379486 0 0.899 0.4379486 0 0.899 0.4379486 0 0.899 0.4379486 0 -1 0 0 -1 0 0 -1 0 0 -1 0 0 0 1 0 0 1 0 1 -0.0001395652 0 1 -5.929015E-08 -1.908223E-09 -0.6597138 0.751517 -1.140333E-07 -0.6597138 0.751517 0 -0.05597203 0.9984323 0 -0.05597203 0.9984323 0 -0.05597203 0.9984323 0 -0.05597203 0.9984323 0 -0.06518814 0.9978729 0 -0.06518814 0.9978729 0 -0.6838782 0.7295963 0 -0.6838782 0.7295963 -5.970483E-09 -0.06384502 0.9979599 -1.760141E-07 -0.06384502 0.9979599 -1.700436E-07 -0.06384502 0.9979599 0 -0.06384502 0.9979599 -1.908223E-09 -0.6597138 0.751517 -1.140333E-07 -0.6597138 0.751517 1.908206E-09 -0.6597138 0.751517 0 -0.6597138 0.751517 1.121255E-07 -0.6597138 0.751517 1.140337E-07 -0.6597138 0.751517 0.003352489 -0.01653854 0.9998576 -1.543754E-13 -0.01654129 0.9998631 8.042043E-05 -0.6954764 0.718549 0.004816242 -0.6925313 0.7213717  
					<SubMeshes>: 1
						<SubMesh>: 0 288 25 24 8 25 8 10 19 7 5 19 5 18 21 20 84 21 84 85 17 3 2 17 2 16 15 1 0 15 0 14 23 22 9 23 9 11 52 53 56 52 56 57 29 28 31 29 31 30 30 31 26 30 26 27 32 37 36 32 36 33 37 34 35 37 35 36 86 87 88 86 88 89 90 91 92 90 92 93 42 48 49 42 49 43 40 38 94 40 94 95 39 40 95 39 95 41 46 45 47 46 47 96 44 46 96 44 96 97 98 99 100 98 100 101 101 100 102 101 102 103 104 105 106 104 106 107 108 109 110 108 110 111 83 82 75 83 75 74 112 113 55 112 55 54 54 55 50 54 50 51 114 61 60 114 60 115 61 58 59 61 59 60 116 117 118 116 118 119 43 49 120 43 120 121 66 72 73 66 73 67 64 62 122 64 122 123 63 64 123 63 123 65 70 69 71 70 71 124 68 70 124 68 124 125 126 127 128 126 128 129 129 128 130 129 130 131 132 133 134 132 134 135 136 137 138 136 138 139 79 77 140 79 140 141 67 73 142 67 142 143 144 13 12 144 12 145 146 147 148 146 148 149 150 151 152 150 152 153 154 155 156 154 156 157 158 6 4 158 4 159 160 161 162 160 162 163 164 81 80 164 80 165 166 78 76 166 76 167  
				</Mesh>
				<Materials>: 1
					<Material>: 0
						<AlbedoColor>: 1 1 1 1
						<EmissiveColor>: 0 0 0 0
						<Glossiness>: 0
						<Metallic>: 0
						<SpecularHighlight>: 1
						<GlossyReflection>: 1
						<AlbedoMap>: @BLD_Structures2_A
						<MetallicMap>: @BLD_Structures2_MS
						<NormalMap>: @BLD_Structures2_N
						<EmissionMap>: null
						<DetailAlbedoMap>: @DET_Concrete1_A
						<DetailNormalMap>: @DET_Concrete1_N
				</Materials>
				<Children>: 0
			</Frame>
			<Frame>: 4 0 Struct_ExtStairs_B_bb
				<Transform>: -6.825256 0.49 0.1619263 0 0 0 1 1 1 0 0 0 1  
				<TransformMatrix>: 1 0 0 0 0 1 0 0 0 0 1 0 -6.825256 0.49 0.1619263 1  
				<BoxCollider>: 1 3.52359 0 0.693924 6.659241 1 1.585968  
				<Children>: 0
			</Frame>
			<Frame>: 5 0 Struct_ExtStairs_B_bb1
				<Transform>: -6.825256 0.7 0.1619263 0 0 0 1 1 1 0 0 0 1  
				<TransformMatrix>: 1 0 0 0 0 1 0 0 0 0 1 0 -6.825256 0.7 0.1619263 1  
				<BoxCollider>: 1 0.5316772 0.34725 0.8322601 0.675415 0.3055 1.998138  
				<Children>: 0
			</Frame>
			<Frame>: 6 0 Struct_ExtStairs_B_bb2
				<Transform>: -0.82 0.7 0.1619263 0 0 0 1 1 1 0 0 0 1  
				<TransformMatrix>: 1 0 0 0 0 1 0 0 0 0 1 0 -0.82 0.7 0.1619263 1  
				<BoxCollider>: 1 0.5316772 0.34725 0.8322601 0.675415 0.3055 1.998138  
				<Children>: 0
			</Frame>
			<Frame>: 7 0 Struct_ExtStairs_B_bb3
				<Transform>: -6.825256 0.305027 2.062866 26.19002 -7.530048E-07 -3.294385E-06 1 1 1 0.2265665 1.132175E-10 -2.651252E-08 0.9739957  
				<TransformMatrix>: 1 -5.159486E-08 -1.223424E-08 0 5.169747E-08 0.8973353 0.4413495 0 -1.179315E-08 -0.4413495 0.8973353 0 -6.825256 0.305027 2.062866 1  
				<BoxCollider>: 1 3.52359 0.2973843 0.6025607 6.659241 0.268953 2.552428  
				<Children>: 0
			</Frame>
			<Frame>: 8 0 Struct_ExtStairs_B_bb4
				<Transform>: -6.825256 0.715 2.062866 26.19002 -7.530048E-07 -3.294385E-06 1 1 1 0.2265665 1.132175E-10 -2.651252E-08 0.9739957  
				<TransformMatrix>: 1 -5.159486E-08 -1.223424E-08 0 5.169747E-08 0.8973353 0.4413495 0 -1.179315E-08 -0.4413495 0.8973353 0 -6.825256 0.715 2.062866 1  
				<BoxCollider>: 1 6.535642 0.2395708 0.9045239 0.6351366 0.3466797 2.342617  
				<Children>: 0
			</Frame>
			<Frame>: 9 0 Struct_ExtStairs_B_bb5
				<Transform>: -12.85 0.715 2.062866 26.19002 -7.530048E-07 -3.294385E-06 1 1 1 0.2265665 1.132175E-10 -2.651252E-08 0.9739957  
				<TransformMatrix>: 1 -5.159486E-08 -1.223424E-08 0 5.169747E-08 0.8973353 0.4413495 0 -1.179315E-08 -0.4413495 0.8973353 0 -12.85 0.715 2.062866 1  
				<BoxCollider>: 1 6.535642 0.2353988 0.9045243 0.6351366 0.3550244 2.342617  
				<Children>: 0
			</Frame>
			<Frame>: 10 0 Struct_ExtStairs_B_bb6
				<Transform>: -12.85 0.715 2.062866 26.19002 -7.530048E-07 -3.294385E-06 1 1 1 0.2265665 1.132175E-10 -2.651252E-08 0.9739957  
				<TransformMatrix>: 1 -5.159486E-08 -1.223424E-08 0 5.169747E-08 0.8973353 0.4413495 0 -1.179315E-08 -0.4413495 0.8973353 0 -12.85 0.715 2.062866 1  
				<BoxCollider>: 1 6.535642 0.287911 0.9045227 0.6351366 0.249999 2.342617  
				<Children>: 0
			</Frame>
	</Frame>
</Hierarchy>
