<Hierarchy>:
	<Frame>: 0 5 Villa2_Top_Cor_A
		<Transform>: 0 0 0 0 0 0 1 1 1 0 0 0 1  
		<TransformMatrix>: 1 0 0 0 0 1 0 0 0 0 1 0 0 0 0 1  
		<BoxCollider>: 1 2.545004 1.150001 -1.454995 5.090011 2.300001 5.09001  
		<Mesh>: 799 Villa2_Top_Cor_A
			<Bounds>: 2.545005 1.150001 -1.454995 2.545005 1.150001 2.545005
			<Positions>: 799 4.2 1.7 -4 4.2 -8.74229E-09 -4 4.199999 1.328826E-07 -0.7599998 4.2 3.846601E-08 -2.92 3.799999 1.7 -4 3.799999 8.742262E-09 -4 3.799999 1.503672E-07 -0.7599998 3.799999 5.595057E-08 -2.92 4.2 0.2000004 -4 4.2 0.2000005 -0.7599998 4.2 0.2000004 -2.92 3.799999 0.2000004 -4 3.799999 0.2000005 -0.7599998 3.799999 0.2000004 -2.92 4.299999 1.7 -2.92 4.299999 1.7 -4 4.299999 1.7 -0.7599998 3.699999 1.7 -2.92 3.699999 1.7 -4 3.699999 1.7 -0.7599998 4.299999 0.3000003 -4 4.299999 0.3000004 -0.7599998 4.299999 0.3000003 -2.92 3.699999 0.3000003 -4 3.699999 0.3000004 -0.7599998 3.699999 0.3000003 -2.92 0 1.7 0.2000004 0 0 0.2000004 3.24 0 0.2000004 1.08 0 0.2000004 0 1.7 -0.1999998 0 0 -0.1999998 3.24 0 -0.1999998 1.08 0 -0.1999998 0 0.2000004 0.2000004 3.24 0.2000004 0.2000004 1.08 0.2000004 0.2000004 0 0.2000004 -0.1999998 3.24 0.2000004 -0.1999998 1.08 0.2000004 -0.1999998 1.08 1.7 0.2999998 0 1.7 0.2999998 3.24 1.7 0.2999998 1.08 1.7 -0.3000002 0 1.7 -0.3000002 3.24 1.7 -0.3000002 0 0.3000003 0.2999998 3.24 0.3000003 0.2999998 1.08 0.3000003 0.2999998 0 0.3000003 -0.3000002 3.24 0.3000003 -0.3000002 1.08 0.3000003 -0.3000002 4.8 2.300001 -4 4.5 2.300001 -4 4.5 1.9 -4 4.8 1.934994 -4 4.765006 1.9 -4 4.5 1.734994 -4 4.465005 1.7 -4 4.8 2.276196 -4 3.011417 2.300001 -4 3.011417 1.9 -4 3.011417 1.7 -4 4.505332 1.9 0.4946341 4.505332 1.734994 0.4946341 4.770337 1.9 0.7589034 4.8 2.300001 0.7938005 4.8 1.93144 0.7923123 4.470337 1.7 0.4597368 4.505332 2.300001 0.4946341 4.8 2.276196 0.7938007 0 2.300001 0.8 0 1.9 -1 0 2.300001 -1 0 2.300001 0.4999999 0 1.9 0.4999999 0 1.7 -1 0 1.934994 0.8 0 1.9 0.7650054 0 1.734994 0.4999999 0 1.7 0.4650053 0 2.276196 0.8 3.010664 1.7 -1 3.010664 2.300001 -1 3.010664 1.9 -1 3.799502 1.899683 -1.000002 3.799502 0.9996837 -0.9999984 4.545246 1.319684 -1.000002 4.646954 1.452232 -1.000002 4.779502 1.55394 -1.000002 4.933858 1.617876 -1.000002 3.799502 1.899683 -0.6999992 3.799502 0.9996837 -0.6999992 4.933858 1.617876 -0.6999991 4.779502 1.55394 -0.6999991 4.646954 1.452232 -0.6999991 4.545246 1.319684 -0.6999992 4.479502 0.999683 -0.6999991 4.479502 0.999683 -0.9999983 5.008995 1.86551 -1.000002 4.964035 1.899683 -1.000002 5.064338 1.635054 -1.000002 5.090009 1.673857 -1.000002 4.964035 1.899683 -0.6999991 5.008995 1.86551 -0.6999991 5.090009 1.673857 -0.6999991 5.064338 1.635054 -0.6999991 4.500803 1.33999 -0.6999992 4.44067 1.047304 -0.6999991 4.44067 1.047304 -0.9999985 3.847122 1.852063 -1.000002 3.847122 1.047304 -0.9999986 4.500803 1.33999 -1.000002 4.612991 1.486196 -1.000002 4.755487 1.595536 -1.000002 4.921426 1.664271 -1.000002 3.847122 1.852063 -0.6999992 3.847122 1.047304 -0.6999992 4.921426 1.664271 -0.6999991 4.755487 1.595536 -0.6999991 4.612991 1.486196 -0.6999992 5.036204 1.678836 -1.000002 5.036204 1.678836 -0.6999991 4.959032 1.843671 -1.000002 4.959032 1.843671 -0.6999991 3.847122 1.339988 -0.6999992 3.847122 1.339988 -0.9999999 3.799502 1.339988 -0.9999999 3.799502 1.339988 -0.6999992 3.847122 1.486194 -1 3.847122 1.486194 -0.6999992 3.799502 1.486194 -0.6999992 3.799502 1.486194 -1 4.256781 1.848795 -0.6999992 4.256781 1.899683 -1.000002 4.256781 1.899683 -0.6999992 4.256781 1.848795 -1.000002 4.756813 1.844581 -1.000002 4.756813 1.844581 -0.6999992 4.756813 1.899683 -0.6999992 4.756813 1.899683 -1.000002 3.799502 1.899683 -2.003433 3.799502 0.9996836 -2.003429 4.545246 1.319684 -2.003433 4.646954 1.452232 -2.003433 4.779502 1.55394 -2.003433 4.933858 1.617876 -2.003433 3.799502 1.899683 -1.703429 3.799502 0.9996836 -1.703429 4.933858 1.617876 -1.703429 4.779502 1.55394 -1.703429 4.646954 1.452232 -1.703429 4.545246 1.319684 -1.703429 4.479502 0.9996829 -1.703429 4.479502 0.9996829 -2.003429 5.008995 1.86551 -2.003433 4.964035 1.899683 -2.003433 5.064338 1.635054 -2.003433 5.090009 1.673857 -2.003433 4.964035 1.899683 -1.703429 5.008995 1.86551 -1.703429 5.090009 1.673857 -1.703429 5.064338 1.635054 -1.703429 4.500803 1.33999 -1.703429 4.44067 1.047304 -1.703429 4.44067 1.047304 -2.003429 3.847123 1.852063 -2.003433 3.847123 1.047304 -2.003429 4.500803 1.33999 -2.003433 4.612991 1.486196 -2.003433 4.755487 1.595536 -2.003433 4.921426 1.664271 -2.003433 3.847123 1.852063 -1.703429 3.847123 1.047304 -1.703429 4.921426 1.664271 -1.703429 4.755487 1.595536 -1.703429 4.612991 1.486196 -1.703429 5.036204 1.678836 -2.003433 5.036204 1.678836 -1.703429 4.959032 1.843671 -2.003432 4.959032 1.843671 -1.703429 3.847123 1.339988 -1.703429 3.847123 1.339988 -2.00343 3.799502 1.339988 -2.00343 3.799502 1.339988 -1.703429 3.847123 1.486194 -2.003431 3.847123 1.486194 -1.703429 3.799502 1.486194 -1.703429 3.799502 1.486194 -2.003431 4.256781 1.848795 -1.703429 4.256781 1.899683 -2.003433 4.256781 1.899683 -1.703429 4.256781 1.848795 -2.003433 4.756814 1.844581 -2.003433 4.756814 1.844581 -1.703429 4.756814 1.899683 -1.703429 4.756814 1.899683 -2.003433 3.799502 1.899683 -2.998804 3.799502 0.9996836 -2.9988 4.545246 1.319684 -2.998804 4.646955 1.452232 -2.998804 4.779502 1.55394 -2.998804 4.933858 1.617876 -2.998804 3.799502 1.899683 -2.698801 3.799502 0.9996836 -2.698801 4.933858 1.617876 -2.698801 4.779502 1.55394 -2.698801 4.646955 1.452232 -2.698801 4.545246 1.319684 -2.698801 4.479502 0.9996829 -2.698801 4.479502 0.9996828 -2.9988 5.008995 1.86551 -2.998804 4.964035 1.899683 -2.998804 5.064338 1.635054 -2.998804 5.090009 1.673857 -2.998804 4.964035 1.899683 -2.698801 5.008995 1.86551 -2.698801 5.090009 1.673857 -2.698801 5.064338 1.635054 -2.698801 4.500803 1.33999 -2.698801 4.440671 1.047304 -2.698801 4.440671 1.047304 -2.9988 3.847123 1.852063 -2.998804 3.847123 1.047304 -2.9988 4.500803 1.33999 -2.998804 4.612991 1.486196 -2.998804 4.755487 1.595536 -2.998804 4.921426 1.664271 -2.998804 3.847123 1.852063 -2.698801 3.847123 1.047304 -2.698801 4.921426 1.664271 -2.698801 4.755487 1.595536 -2.698801 4.612991 1.486196 -2.698801 5.036205 1.678836 -2.998804 5.036205 1.678836 -2.698801 4.959032 1.84367 -2.998804 4.959032 1.84367 -2.698801 3.847123 1.339988 -2.698801 3.847123 1.339988 -2.998802 3.799502 1.339988 -2.998801 3.799502 1.339988 -2.698801 3.847123 1.486194 -2.998802 3.847123 1.486194 -2.698801 3.799502 1.486194 -2.698801 3.799502 1.486194 -2.998802 4.256781 1.848795 -2.698801 4.256781 1.899683 -2.998804 4.256781 1.899683 -2.698801 4.256781 1.848795 -2.998804 4.756814 1.844581 -2.998804 4.756814 1.844581 -2.698801 4.756814 1.899683 -2.698801 4.756814 1.899683 -2.998804 1.303432 1.899684 -0.2004974 1.303428 0.9996839 -0.2004974 1.303432 1.319684 0.5452467 1.303432 1.452233 0.6469546 1.303432 1.55394 0.7795029 1.303432 1.617876 0.9338586 1.003428 1.899684 -0.2004974 1.003428 0.9996839 -0.2004974 1.003428 1.617876 0.9338586 1.003428 1.55394 0.7795029 1.003428 1.452233 0.6469546 1.003428 1.319684 0.5452467 1.003428 0.9996831 0.4795027 1.303428 0.9996831 0.4795027 1.303432 1.865511 1.008995 1.303432 1.899684 0.9640353 1.303432 1.635054 1.064339 1.303432 1.673857 1.09001 1.003428 1.899684 0.9640353 1.003428 1.865511 1.008995 1.003428 1.673857 1.09001 1.003428 1.635054 1.064339 1.003428 1.33999 0.5008031 1.003428 1.047304 0.440671 1.303428 1.047304 0.440671 1.303432 1.852063 -0.1528766 1.303428 1.047305 -0.1528766 1.303432 1.33999 0.5008031 1.303432 1.486196 0.6129912 1.303432 1.595537 0.7554872 1.303432 1.664271 0.9214271 1.003428 1.852063 -0.1528766 1.003428 1.047305 -0.1528766 1.003428 1.664271 0.9214271 1.003428 1.595537 0.7554872 1.003428 1.486196 0.6129912 1.303432 1.678836 1.036205 1.003428 1.678836 1.036205 1.303432 1.843671 0.9590329 1.003428 1.843671 0.9590329 1.003428 1.339988 -0.1528766 1.303429 1.339988 -0.1528766 1.303429 1.339988 -0.2004974 1.003428 1.339988 -0.2004974 1.30343 1.486194 -0.1528766 1.003428 1.486194 -0.1528766 1.003428 1.486194 -0.2004974 1.30343 1.486194 -0.2004974 1.003428 1.848795 0.2567815 1.303432 1.899684 0.2567815 1.003428 1.899684 0.2567815 1.303432 1.848795 0.2567815 1.303432 1.844581 0.7568136 1.003428 1.844581 0.7568136 1.003428 1.899684 0.7568136 1.303432 1.899684 0.7568136 2.298803 1.899684 -0.2004974 2.298799 0.9996838 -0.2004974 2.298803 1.319684 0.5452467 2.298803 1.452233 0.6469546 2.298803 1.55394 0.7795029 2.298803 1.617876 0.9338586 1.9988 1.899684 -0.2004974 1.9988 0.9996838 -0.2004974 1.9988 1.617876 0.9338586 1.9988 1.55394 0.7795029 1.9988 1.452233 0.6469546 1.9988 1.319684 0.5452467 1.9988 0.9996831 0.4795027 2.298799 0.9996831 0.4795027 2.298803 1.865511 1.008995 2.298803 1.899684 0.9640353 2.298803 1.635054 1.064339 2.298803 1.673857 1.09001 1.9988 1.899684 0.9640353 1.9988 1.865511 1.008995 1.9988 1.673857 1.09001 1.9988 1.635054 1.064339 1.9988 1.33999 0.5008031 1.9988 1.047304 0.440671 2.298799 1.047304 0.440671 2.298803 1.852063 -0.1528766 2.298799 1.047305 -0.1528766 2.298803 1.33999 0.5008031 2.298803 1.486196 0.6129912 2.298803 1.595537 0.7554872 2.298803 1.664271 0.9214271 1.9988 1.852063 -0.1528766 1.9988 1.047305 -0.1528766 1.9988 1.664271 0.9214271 1.9988 1.595537 0.7554872 1.9988 1.486196 0.6129912 2.298803 1.678836 1.036205 1.9988 1.678836 1.036205 2.298803 1.843671 0.9590329 1.9988 1.843671 0.9590329 1.9988 1.339988 -0.1528766 2.298801 1.339988 -0.1528766 2.2988 1.339988 -0.2004974 1.9988 1.339988 -0.2004974 2.298801 1.486194 -0.1528766 1.9988 1.486194 -0.1528766 1.9988 1.486194 -0.2004974 2.298801 1.486194 -0.2004974 1.9988 1.848795 0.2567815 2.298803 1.899684 0.2567815 1.9988 1.899684 0.2567815 2.298803 1.848795 0.2567815 2.298803 1.844581 0.7568136 1.9988 1.844581 0.7568136 1.9988 1.899684 0.7568136 2.298803 1.899684 0.7568136 3.302233 1.899683 -0.2004974 3.30223 0.9996837 -0.2004974 3.302233 1.319684 0.5452467 3.302233 1.452232 0.6469546 3.302233 1.55394 0.7795029 3.302233 1.617876 0.9338586 3.00223 1.899683 -0.2004974 3.00223 0.9996837 -0.2004974 3.00223 1.617876 0.9338586 3.00223 1.55394 0.7795029 3.00223 1.452232 0.6469546 3.00223 1.319684 0.5452467 3.00223 0.999683 0.4795027 3.30223 0.999683 0.4795027 3.302233 1.86551 1.008995 3.302233 1.899683 0.9640353 3.302233 1.635054 1.064339 3.302233 1.673857 1.09001 3.00223 1.899683 0.9640353 3.00223 1.86551 1.008995 3.00223 1.673857 1.09001 3.00223 1.635054 1.064339 3.00223 1.33999 0.5008031 3.00223 1.047304 0.440671 3.30223 1.047304 0.440671 3.302233 1.852063 -0.1528766 3.30223 1.047304 -0.1528766 3.302233 1.33999 0.5008031 3.302233 1.486196 0.6129912 3.302234 1.595536 0.7554872 3.302234 1.664271 0.9214271 3.00223 1.852063 -0.1528766 3.00223 1.047304 -0.1528766 3.00223 1.664271 0.9214271 3.00223 1.595536 0.7554872 3.00223 1.486196 0.6129912 3.302233 1.678836 1.036205 3.00223 1.678836 1.036205 3.302233 1.843671 0.9590329 3.00223 1.843671 0.9590329 3.00223 1.339988 -0.1528766 3.302231 1.339988 -0.1528766 3.302231 1.339988 -0.2004974 3.00223 1.339988 -0.2004974 3.302232 1.486194 -0.1528766 3.00223 1.486194 -0.1528766 3.00223 1.486194 -0.2004974 3.302232 1.486194 -0.2004974 3.00223 1.848795 0.2567815 3.302233 1.899683 0.2567815 3.00223 1.899683 0.2567815 3.302233 1.848795 0.2567815 3.302233 1.844581 0.7568136 3.00223 1.844581 0.7568136 3.00223 1.899683 0.7568136 3.302233 1.899683 0.7568136 3.799999 1.7386E-07 -0.2225474 3.774657 1.670454E-07 -0.1974312 3.799999 0.2000006 -0.2225469 3.774657 0.2000005 -0.1974308 3.674628 1.7 -0.2969329 3.699999 1.7 -0.3219918 3.674628 0.3000004 -0.2969329 3.699999 0.3000004 -0.3219918 4.176719 0 0.2000004 4.201887 3.500397E-09 0.174712 4.303391 1.7 0.2746956 4.278255 1.7 0.2999998 4.176719 0.2000004 0.2000004 4.201887 0.2000004 0.174712 4.303391 0.3000003 0.2746957 4.278255 0.3000003 0.2999998 3.747924 1.586932E-07 -0.1975597 3.747924 0.2000005 -0.1975592 4.129883 0 0.2000004 3.652897 0.3000004 -0.2970863 3.652897 1.7 -0.2970863 4.129883 0.2000004 0.2000004 4.226342 1.7 0.2999998 4.226342 0.3000003 0.2999998 3.799999 1.726853E-07 -0.24942 3.799999 0.2000006 -0.2494196 4.201793 9.969504E-09 0.1279764 3.699999 0.3000004 -0.3438922 3.699999 1.7 -0.3438922 4.201793 0.2000004 0.1279765 4.303221 1.7 0.2229609 4.303221 0.3000003 0.2229609 4.2 0.2000004 -4 4.2 -8.74229E-09 -4 4.2 3.846601E-08 -2.92 4.199999 1.328826E-07 -0.7599998 3.799999 8.742262E-09 -4 3.799999 5.595057E-08 -2.92 3.799999 0.2000004 -4 3.799999 1.503672E-07 -0.7599998 3.699999 0.3000003 -4 3.699999 1.7 -4 4.299999 1.7 -4 4.299999 0.3000003 -4 4.2 -8.74229E-09 -4 3.799999 8.742262E-09 -4 0 0.2000004 0.2000004 0 0 0.2000004 1.08 0 0.2000004 3.24 0 0.2000004 0 0 -0.1999998 0 0.2000004 -0.1999998 1.08 0 -0.1999998 3.24 0 -0.1999998 0 1.7 -0.3000002 0 0.3000003 -0.3000002 0 0.3000003 0.2999998 0 1.7 0.2999998 0 0 0.2000004 0 0 -0.1999998 3.747924 1.586932E-07 -0.1975597 3.774657 1.670454E-07 -0.1974312 4.129883 0 0.2000004 4.176719 0 0.2000004 4.201793 9.969504E-09 0.1279764 4.201887 3.500397E-09 0.174712 4.5 1.9 -4 4.765006 1.9 -4 4.770337 1.9 0.7589034 4.765006 1.9 -4 4.8 1.934994 -4 4.770337 1.9 0.7589034 4.8 1.934994 -4 4.465005 1.7 -4 4.5 1.734994 -4 4.8 2.276196 -4 4.8 2.300001 -4 4.5 2.300001 -4 4.5 1.9 -4 4.505332 1.9 0.4946341 4.8 2.300001 -4 4.8 2.300001 0.7938005 0 2.276196 0.8 0 1.934994 0.8 4.8 1.93144 0.7923123 4.8 2.276196 0.7938007 0 1.9 0.4999999 4.505332 1.734994 0.4946341 4.505332 1.9 0.4946341 4.470337 1.7 0.4597368 0 1.9 -1 0 1.7 0.4650053 0 1.734994 0.4999999 4.470337 1.7 0.4597368 0 1.7 0.4650053 0 1.7 -1 0 2.300001 0.8 0 2.300001 0.4999999 3.011417 2.300001 -4 3.010664 2.300001 -1 0 2.300001 0.8 4.8 2.300001 0.7938005 3.010664 1.9 -1 3.011417 1.9 -4 3.011417 1.7 -4 3.010664 1.7 -1 3.010664 2.300001 -1 3.011417 2.300001 -4 0 1.9 0.7650054 0 1.9 0.4999999 4.770337 1.9 0.7589034 0 1.9 0.7650054 0 2.300001 -1 3.011417 1.7 -4 4.465005 1.7 -4 3.010664 1.7 -1 0 1.7 -1 0 2.300001 -1 3.799502 0.9996837 -0.9999984 5.090009 1.673857 -1.000002 5.090009 1.673857 -0.6999991 4.479502 0.999683 -0.9999983 5.008995 1.86551 -1.000002 5.090009 1.673857 -1.000002 4.479502 0.999683 -0.6999991 4.545246 1.319684 -0.6999992 3.799502 0.9996837 -0.6999992 3.799502 1.899683 -1.000002 4.646954 1.452232 -1.000002 4.545246 1.319684 -1.000002 4.779502 1.55394 -1.000002 4.933858 1.617876 -1.000002 3.799502 1.339988 -0.6999992 4.779502 1.55394 -0.6999991 4.933858 1.617876 -0.6999991 4.646954 1.452232 -0.6999991 4.964035 1.899683 -1.000002 5.090009 1.673857 -0.6999991 5.008995 1.86551 -0.6999991 4.964035 1.899683 -0.6999991 4.256781 1.899683 -0.6999992 3.799502 1.899683 -0.6999992 3.799502 1.486194 -1 3.799502 1.339988 -0.9999999 3.799502 1.486194 -0.6999992 3.799502 1.899683 -1.000002 3.799502 1.899683 -0.6999992 3.799502 0.9996837 -0.6999992 3.799502 0.9996837 -0.9999984 4.256781 1.899683 -1.000002 4.964035 1.899683 -0.6999991 4.964035 1.899683 -1.000002 4.756813 1.899683 -1.000002 4.756813 1.899683 -0.6999992 5.064338 1.635054 -1.000002 5.064338 1.635054 -0.6999991 3.799502 0.9996836 -2.003429 5.090009 1.673857 -2.003433 5.090009 1.673857 -1.703429 4.479502 0.9996829 -2.003429 5.008995 1.86551 -2.003433 5.090009 1.673857 -2.003433 4.479502 0.9996829 -1.703429 4.545246 1.319684 -1.703429 3.799502 0.9996836 -1.703429 3.799502 1.899683 -2.003433 4.646954 1.452232 -2.003433 4.545246 1.319684 -2.003433 4.779502 1.55394 -2.003433 4.933858 1.617876 -2.003433 3.799502 1.339988 -1.703429 4.779502 1.55394 -1.703429 4.933858 1.617876 -1.703429 4.646954 1.452232 -1.703429 4.964035 1.899683 -2.003433 5.090009 1.673857 -1.703429 5.008995 1.86551 -1.703429 4.964035 1.899683 -1.703429 4.256781 1.899683 -1.703429 3.799502 1.899683 -1.703429 3.799502 1.486194 -2.003431 3.799502 1.339988 -2.00343 3.799502 1.486194 -1.703429 3.799502 1.899683 -2.003433 3.799502 1.899683 -1.703429 3.799502 0.9996836 -1.703429 3.799502 0.9996836 -2.003429 4.256781 1.899683 -2.003433 4.964035 1.899683 -1.703429 4.964035 1.899683 -2.003433 4.756814 1.899683 -2.003433 4.756814 1.899683 -1.703429 5.064338 1.635054 -2.003433 5.064338 1.635054 -1.703429 3.799502 0.9996836 -2.9988 5.090009 1.673857 -2.998804 5.090009 1.673857 -2.698801 4.479502 0.9996828 -2.9988 5.008995 1.86551 -2.998804 5.090009 1.673857 -2.998804 4.479502 0.9996829 -2.698801 4.545246 1.319684 -2.698801 3.799502 0.9996836 -2.698801 3.799502 1.899683 -2.998804 4.646955 1.452232 -2.998804 4.545246 1.319684 -2.998804 4.779502 1.55394 -2.998804 4.933858 1.617876 -2.998804 3.799502 1.339988 -2.698801 4.779502 1.55394 -2.698801 4.933858 1.617876 -2.698801 4.646955 1.452232 -2.698801 4.964035 1.899683 -2.998804 5.090009 1.673857 -2.698801 5.008995 1.86551 -2.698801 4.964035 1.899683 -2.698801 4.256781 1.899683 -2.698801 3.799502 1.899683 -2.698801 3.799502 1.486194 -2.998802 3.799502 1.339988 -2.998801 3.799502 1.486194 -2.698801 3.799502 1.899683 -2.998804 3.799502 1.899683 -2.698801 3.799502 0.9996836 -2.698801 3.799502 0.9996836 -2.9988 4.256781 1.899683 -2.998804 4.964035 1.899683 -2.698801 4.964035 1.899683 -2.998804 4.756814 1.899683 -2.998804 4.756814 1.899683 -2.698801 5.064338 1.635054 -2.998804 5.064338 1.635054 -2.698801 1.303428 0.9996839 -0.2004974 1.303432 1.673857 1.09001 1.003428 1.673857 1.09001 1.303428 0.9996831 0.4795027 1.303432 1.865511 1.008995 1.303432 1.673857 1.09001 1.003428 0.9996831 0.4795027 1.003428 1.319684 0.5452467 1.003428 0.9996839 -0.2004974 1.303432 1.899684 -0.2004974 1.303432 1.452233 0.6469546 1.303432 1.319684 0.5452467 1.303432 1.55394 0.7795029 1.303432 1.617876 0.9338586 1.003428 1.339988 -0.2004974 1.003428 1.55394 0.7795029 1.003428 1.617876 0.9338586 1.003428 1.452233 0.6469546 1.303432 1.899684 0.9640353 1.003428 1.673857 1.09001 1.003428 1.865511 1.008995 1.003428 1.899684 0.9640353 1.003428 1.899684 0.2567815 1.003428 1.899684 -0.2004974 1.30343 1.486194 -0.2004974 1.303429 1.339988 -0.2004974 1.003428 1.486194 -0.2004974 1.303432 1.899684 -0.2004974 1.003428 1.899684 -0.2004974 1.003428 0.9996839 -0.2004974 1.303428 0.9996839 -0.2004974 1.303432 1.899684 0.2567815 1.003428 1.899684 0.9640353 1.303432 1.899684 0.9640353 1.303432 1.899684 0.7568136 1.003428 1.899684 0.7568136 1.303432 1.635054 1.064339 1.003428 1.635054 1.064339 2.298799 0.9996838 -0.2004974 2.298803 1.673857 1.09001 1.9988 1.673857 1.09001 2.298799 0.9996831 0.4795027 2.298803 1.865511 1.008995 2.298803 1.673857 1.09001 1.9988 0.9996831 0.4795027 1.9988 1.319684 0.5452467 1.9988 0.9996838 -0.2004974 2.298803 1.899684 -0.2004974 2.298803 1.452233 0.6469546 2.298803 1.319684 0.5452467 2.298803 1.55394 0.7795029 2.298803 1.617876 0.9338586 1.9988 1.339988 -0.2004974 1.9988 1.55394 0.7795029 1.9988 1.617876 0.9338586 1.9988 1.452233 0.6469546 2.298803 1.899684 0.9640353 1.9988 1.673857 1.09001 1.9988 1.865511 1.008995 1.9988 1.899684 0.9640353 1.9988 1.899684 0.2567815 1.9988 1.899684 -0.2004974 2.298801 1.486194 -0.2004974 2.2988 1.339988 -0.2004974 1.9988 1.486194 -0.2004974 2.298803 1.899684 -0.2004974 1.9988 1.899684 -0.2004974 1.9988 0.9996838 -0.2004974 2.298799 0.9996838 -0.2004974 2.298803 1.899684 0.2567815 1.9988 1.899684 0.9640353 2.298803 1.899684 0.9640353 2.298803 1.899684 0.7568136 1.9988 1.899684 0.7568136 2.298803 1.635054 1.064339 1.9988 1.635054 1.064339 3.30223 0.9996837 -0.2004974 3.302233 1.673857 1.09001 3.00223 1.673857 1.09001 3.30223 0.999683 0.4795027 3.302233 1.86551 1.008995 3.302233 1.673857 1.09001 3.00223 0.999683 0.4795027 3.00223 1.319684 0.5452467 3.00223 0.9996837 -0.2004974 3.302233 1.899683 -0.2004974 3.302233 1.452232 0.6469546 3.302233 1.319684 0.5452467 3.302233 1.55394 0.7795029 3.302233 1.617876 0.9338586 3.00223 1.339988 -0.2004974 3.00223 1.55394 0.7795029 3.00223 1.617876 0.9338586 3.00223 1.452232 0.6469546 3.302233 1.899683 0.9640353 3.00223 1.673857 1.09001 3.00223 1.86551 1.008995 3.00223 1.899683 0.9640353 3.00223 1.899683 0.2567815 3.00223 1.899683 -0.2004974 3.302232 1.486194 -0.2004974 3.302231 1.339988 -0.2004974 3.00223 1.486194 -0.2004974 3.302233 1.899683 -0.2004974 3.00223 1.899683 -0.2004974 3.00223 0.9996837 -0.2004974 3.30223 0.9996837 -0.2004974 3.302233 1.899683 0.2567815 3.00223 1.899683 0.9640353 3.302233 1.899683 0.9640353 3.302233 1.899683 0.7568136 3.00223 1.899683 0.7568136 3.302233 1.635054 1.064339 3.00223 1.635054 1.064339 3.699999 0.3000004 -0.3219918 3.799999 0.2000006 -0.2225469 3.699999 1.7 -0.3219918 3.774657 0.2000005 -0.1974308 3.799999 1.7386E-07 -0.2225474 3.774657 1.670454E-07 -0.1974312 4.176719 0.2000004 0.2000004 4.201887 0.2000004 0.174712 4.303391 0.3000003 0.2746957 4.176719 0.2000004 0.2000004 4.278255 0.3000003 0.2999998 4.278255 1.7 0.2999998 4.201887 0.2000004 0.174712 4.176719 0 0.2000004 3.799999 1.726853E-07 -0.24942 4.8 2.300001 -4 4.8 1.934994 -4 4.8 2.300001 0.7938005 4.505332 2.300001 0.4946341 4.770337 1.9 0.7589034 4.505332 1.9 0.4946341 3.010664 2.300001 -1 4.470337 1.7 0.4597368 3.010664 1.7 -1 3.799999 0.2000006 -0.2225469 4.176719 0.2000004 0.2000004 4.176719 0 0.2000004 3.799999 1.7386E-07 -0.2225474 4.201887 3.500397E-09 0.174712 3.774657 1.670454E-07 -0.1974312 4.176719 0 0.2000004 3.799999 1.7386E-07 -0.2225474  
			<Colors>: 0  
			<TextureCoords0>: 799 0.453125 0.03173828 0.1999512 0.1147461 0.05053711 0.1147461 0.1499023 0.1147461 0.472168 0.03173828 0.472168 0.1103516 0.2504883 0.002685547 0.3498535 0.002685547 0.1999512 0.1047363 0.05053711 0.1047363 0.1499023 0.1047363 0.472168 0.1010742 0.25 0.1049805 0.3500977 0.1049805 0.1499023 0.0300293 0.1999512 0.0300293 0.05053711 0.0300293 0.3500977 0.03027344 0.4001465 0.03027344 0.25 0.03027344 0.1999512 0.09985352 0.05053711 0.09985352 0.1499023 0.09985352 0.4001465 0.1000977 0.25 0.1000977 0.3500977 0.1000977 0.453125 0.03173828 0.1999512 0.1147461 0.05053711 0.1147461 0.1499023 0.1147461 0.472168 0.03173828 0.472168 0.1103516 0.2504883 0.002685547 0.3498535 0.002685547 0.1999512 0.1047363 0.05053711 0.1047363 0.1499023 0.1047363 0.472168 0.1010742 0.25 0.1049805 0.3500977 0.1049805 0.1499023 0.0300293 0.1999512 0.0300293 0.05053711 0.0300293 0.3500977 0.03027344 0.4001465 0.03027344 0.25 0.03027344 0.1999512 0.09985352 0.05053711 0.09985352 0.1499023 0.09985352 0.4001465 0.1000977 0.25 0.1000977 0.3500977 0.1000977 0.4257813 0.03173828 0.4394531 0.03173828 0.4394531 0.05029297 0.4257813 0.04882813 0.4272461 0.05029297 0.4394531 0.05810547 0.440918 0.05957031 0.4257813 0.03320313 0.5078125 0.03173828 0.5078125 0.05029297 0.5078125 0.05957031 0.01341647 0.03076172 0.01317233 0.02807617 0.002452008 0.05029297 0.001733422 0.7990723 0.0007600131 0.01831055 0.01462022 0.0300293 0.01406987 0.7844238 0.0007600012 0.001194179 0.4257813 0.03173828 0.3991699 0.02001953 0.3991699 0.0002441406 0.4394531 0.03173828 0.4394531 0.05029297 0.5078125 0.05957031 0.4257813 0.04882813 0.4272461 0.05029297 0.1999512 0.02807617 0.1999512 0.0300293 0.4257813 0.03320313 0.2746007 0.09033203 0.2745219 0.0002441406 0.2745219 0.02001953 0.2275391 0.6391602 0.1132813 0.6518555 0.2338867 0.6577148 0.2407227 0.6577148 0.246582 0.6577148 0.253418 0.6577148 0.2275391 0.6264648 0.1005859 0.6518555 0.253418 0.6450195 0.246582 0.6450195 0.2407227 0.6450195 0.2338867 0.6450195 0.2250977 0.6450195 0.1953125 0.65625 0.2568359 0.6391602 0.2543945 0.6391602 0.2578125 0.6577148 0.2646484 0.6391602 0.2543945 0.6264648 0.2568359 0.6264648 0.2646484 0.6264648 0.2578125 0.6450195 0.144043 0.6401367 0.1416016 0.6523438 0.1943359 0.6542969 0.1708984 0.6206055 0.1708984 0.6542969 0.1962891 0.6420898 0.2001953 0.6357422 0.2060547 0.6318359 0.2124023 0.628418 0.1191406 0.6186523 0.1191406 0.6523438 0.1601563 0.6264648 0.1533203 0.6298828 0.1479492 0.6337891 0.2163086 0.6279297 0.1645508 0.6259766 0.2133789 0.6210938 0.1616211 0.6196289 0.1191406 0.6401367 0.1708984 0.6420898 0.1132813 0.6381836 0.1005859 0.6381836 0.1708984 0.6357422 0.1191406 0.6337891 0.1005859 0.6333008 0.1694336 0.6357422 0.1347656 0.6191406 0.237793 0.6391602 0.237793 0.6264648 0.1870117 0.6210938 0.206543 0.6210938 0.1533203 0.6196289 0.1533203 0.6171875 0.206543 0.6186523 0.2275391 0.6391602 0.1132813 0.6518555 0.2338867 0.6577148 0.2407227 0.6577148 0.246582 0.6577148 0.253418 0.6577148 0.2275391 0.6264648 0.1005859 0.6518555 0.253418 0.6450195 0.246582 0.6450195 0.2407227 0.6450195 0.2338867 0.6450195 0.2250977 0.6450195 0.1953125 0.65625 0.2568359 0.6391602 0.2543945 0.6391602 0.2578125 0.6577148 0.2646484 0.6391602 0.2543945 0.6264648 0.2568359 0.6264648 0.2646484 0.6264648 0.2578125 0.6450195 0.144043 0.6401367 0.1416016 0.6523438 0.1943359 0.6542969 0.1708984 0.6206055 0.1708984 0.6542969 0.1962891 0.6420898 0.2001953 0.6357422 0.2060547 0.6318359 0.2124023 0.628418 0.1191406 0.6186523 0.1191406 0.6523438 0.1601563 0.6264648 0.1533203 0.6298828 0.1479492 0.6337891 0.2163086 0.6279297 0.1645508 0.6259766 0.2133789 0.6210938 0.1616211 0.6196289 0.1191406 0.6401367 0.1708984 0.6420898 0.1132813 0.6381836 0.1005859 0.6381836 0.1708984 0.6357422 0.1191406 0.6337891 0.1005859 0.6333008 0.1694336 0.6357422 0.1347656 0.6191406 0.237793 0.6391602 0.237793 0.6264648 0.1870117 0.6210938 0.206543 0.6210938 0.1533203 0.6196289 0.1533203 0.6171875 0.206543 0.6186523 0.2275391 0.6391602 0.1132813 0.6518555 0.2338867 0.6577148 0.2407227 0.6577148 0.246582 0.6577148 0.253418 0.6577148 0.2275391 0.6264648 0.1005859 0.6518555 0.253418 0.6450195 0.246582 0.6450195 0.2407227 0.6450195 0.2338867 0.6450195 0.2250977 0.6450195 0.1953125 0.65625 0.2568359 0.6391602 0.2543945 0.6391602 0.2578125 0.6577148 0.2646484 0.6391602 0.2543945 0.6264648 0.2568359 0.6264648 0.2646484 0.6264648 0.2578125 0.6450195 0.144043 0.6401367 0.1416016 0.6523438 0.1943359 0.6542969 0.1708984 0.6206055 0.1708984 0.6542969 0.1962891 0.6420898 0.2001953 0.6357422 0.2060547 0.6318359 0.2124023 0.628418 0.1191406 0.6186523 0.1191406 0.6523438 0.1601563 0.6264648 0.1533203 0.6298828 0.1479492 0.6337891 0.2163086 0.6279297 0.1645508 0.6259766 0.2133789 0.6210938 0.1616211 0.6196289 0.1191406 0.6401367 0.1708984 0.6420898 0.1132813 0.6381836 0.1005859 0.6381836 0.1708984 0.6357422 0.1191406 0.6337891 0.1005859 0.6333008 0.1694336 0.6357422 0.1347656 0.6191406 0.237793 0.6391602 0.237793 0.6264648 0.1870117 0.6210938 0.206543 0.6210938 0.1533203 0.6196289 0.1533203 0.6171875 0.206543 0.6186523 0.2275391 0.6391602 0.1132813 0.6518555 0.2338867 0.6577148 0.2407227 0.6577148 0.246582 0.6577148 0.253418 0.6577148 0.2275391 0.6264648 0.1005859 0.6518555 0.253418 0.6450195 0.246582 0.6450195 0.2407227 0.6450195 0.2338867 0.6450195 0.2250977 0.6450195 0.1953125 0.65625 0.2568359 0.6391602 0.2543945 0.6391602 0.2578125 0.6577148 0.2646484 0.6391602 0.2543945 0.6264648 0.2568359 0.6264648 0.2646484 0.6264648 0.2578125 0.6450195 0.144043 0.6401367 0.1416016 0.6523438 0.1943359 0.6542969 0.1708984 0.6206055 0.1708984 0.6542969 0.1962891 0.6420898 0.2001953 0.6357422 0.2060547 0.6318359 0.2124023 0.628418 0.1191406 0.6186523 0.1191406 0.6523438 0.1601563 0.6264648 0.1533203 0.6298828 0.1479492 0.6337891 0.2163086 0.6279297 0.1645508 0.6259766 0.2133789 0.6210938 0.1616211 0.6196289 0.1191406 0.6401367 0.1708984 0.6420898 0.1132813 0.6381836 0.1005859 0.6381836 0.1708984 0.6357422 0.1191406 0.6337891 0.1005859 0.6333008 0.1694336 0.6357422 0.1347656 0.6191406 0.237793 0.6391602 0.237793 0.6264648 0.1870117 0.6210938 0.206543 0.6210938 0.1533203 0.6196289 0.1533203 0.6171875 0.206543 0.6186523 0.2275391 0.6391602 0.1132813 0.6518555 0.2338867 0.6577148 0.2407227 0.6577148 0.246582 0.6577148 0.253418 0.6577148 0.2275391 0.6264648 0.1005859 0.6518555 0.253418 0.6450195 0.246582 0.6450195 0.2407227 0.6450195 0.2338867 0.6450195 0.2250977 0.6450195 0.1953125 0.65625 0.2568359 0.6391602 0.2543945 0.6391602 0.2578125 0.6577148 0.2646484 0.6391602 0.2543945 0.6264648 0.2568359 0.6264648 0.2646484 0.6264648 0.2578125 0.6450195 0.144043 0.6401367 0.1416016 0.6523438 0.1943359 0.6542969 0.1708984 0.6206055 0.1708984 0.6542969 0.1962891 0.6420898 0.2001953 0.6357422 0.2060547 0.6318359 0.2124023 0.628418 0.1191406 0.6186523 0.1191406 0.6523438 0.1601563 0.6264648 0.1533203 0.6298828 0.1479492 0.6337891 0.2163086 0.6279297 0.1645508 0.6259766 0.2133789 0.6210938 0.1616211 0.6196289 0.1191406 0.6401367 0.1708984 0.6420898 0.1132813 0.6381836 0.1005859 0.6381836 0.1708984 0.6357422 0.1191406 0.6337891 0.1005859 0.6333008 0.1694336 0.6357422 0.1347656 0.6191406 0.237793 0.6391602 0.237793 0.6264648 0.1870117 0.6210938 0.206543 0.6210938 0.1533203 0.6196289 0.1533203 0.6171875 0.206543 0.6186523 0.2275391 0.6391602 0.1132813 0.6518555 0.2338867 0.6577148 0.2407227 0.6577148 0.246582 0.6577148 0.253418 0.6577148 0.2275391 0.6264648 0.1005859 0.6518555 0.253418 0.6450195 0.246582 0.6450195 0.2407227 0.6450195 0.2338867 0.6450195 0.2250977 0.6450195 0.1953125 0.65625 0.2568359 0.6391602 0.2543945 0.6391602 0.2578125 0.6577148 0.2646484 0.6391602 0.2543945 0.6264648 0.2568359 0.6264648 0.2646484 0.6264648 0.2578125 0.6450195 0.144043 0.6401367 0.1416016 0.6523438 0.1943359 0.6542969 0.1708984 0.6206055 0.1708984 0.6542969 0.1962891 0.6420898 0.2001953 0.6357422 0.2060547 0.6318359 0.2124023 0.628418 0.1191406 0.6186523 0.1191406 0.6523438 0.1601563 0.6264648 0.1533203 0.6298828 0.1479492 0.6337891 0.2163086 0.6279297 0.1645508 0.6259766 0.2133789 0.6210938 0.1616211 0.6196289 0.1191406 0.6401367 0.1708984 0.6420898 0.1132813 0.6381836 0.1005859 0.6381836 0.1708984 0.6357422 0.1191406 0.6337891 0.1005859 0.6333008 0.1694336 0.6357422 0.1347656 0.6191406 0.237793 0.6391602 0.237793 0.6264648 0.1870117 0.6210938 0.206543 0.6210938 0.1533203 0.6196289 0.1533203 0.6171875 0.206543 0.6186523 0.2257034 0.002685547 0.225529 0.1152344 0.2252151 0.1049805 0.225529 0.1049804 0.2302067 0.03027344 0.2298011 0.03027344 0.2302067 0.1000977 0.2298011 0.1000977 0.2072911 0.01782227 0.007200055 0.1147461 0.002591748 0.0300293 0.002422843 0.0300293 0.007128146 0.1047363 0.007200055 0.1047363 0.002591747 0.09985352 0.002422846 0.09985352 0.2267525 0.1152344 0.2267525 0.1049805 0.2094509 0.01782233 0.2311964 0.1000977 0.2311964 0.03027344 0.009298591 0.1047364 0.004828561 0.0300293 0.004828561 0.09985358 0.2269427 0.002685547 0.2264544 0.1049803 0.009366905 0.1147461 0.230811 0.1000977 0.230811 0.03027344 0.009366907 0.1047363 0.004989014 0.0300293 0.004989016 0.09985352 0.453125 0.1010742 0.453125 0.1103516 0.3498535 0.01782227 0.2504883 0.01782227 0.4001465 0.1152344 0.3500977 0.1152344 0.4001465 0.1049805 0.25 0.1152344 0.4765625 0.09667969 0.4765625 0.03173828 0.4487305 0.03173828 0.4487305 0.09667969 0.3994141 0.01782227 0.3994141 0.002685547 0.453125 0.1010742 0.453125 0.1103516 0.3498535 0.01782227 0.2504883 0.01782227 0.4001465 0.1152344 0.4001465 0.1049805 0.3500977 0.1152344 0.25 0.1152344 0.4765625 0.03173828 0.4765625 0.09667969 0.4487305 0.09667969 0.4487305 0.03173828 0.3994141 0.01782227 0.3994141 0.002685547 0.2272408 0.002685547 0.2260172 0.002685547 0.009298591 0.1147461 0.007128145 0.1147461 0.2095189 0.01782227 0.2073626 0.01782227 0.2001953 0.03076172 0.2001953 0.05029297 0.002207867 0.02001953 0.1999512 0.02001953 0.1999512 0.01831055 0.002207867 0.02001953 0.1999512 0.01831055 0.1999512 0.0300293 0.1999512 0.02807617 0.1999512 0.001194179 0.199707 0.7990723 0.199707 0.7844238 0.1999512 0.02001953 0.01317233 0.02001953 0.1999512 0 0.0007600131 0 0.1999512 0.001194179 0.1999512 0.01831055 0.0002441406 0.01831055 0.0002441406 0.001194179 0.1999512 0.02001953 0.01228218 0.02807617 0.01228216 0.02001953 0.01373815 0.0300293 0.5078125 0.05029297 0.440918 0.05957031 0.4394531 0.05810547 0.2145669 0.03076172 0.3994141 0.03076172 0.3994141 0.09033203 0.199707 0.7990723 0.199707 0.7844238 0.199707 0.7110123 0.07528272 0.7110123 0.1999512 0 0.0002441406 0 0.2750626 0.02001953 0.3991699 0.02001953 0.3991699 0.0300293 0.2750626 0.0300293 0.2750626 0.0002441406 0.3991699 0.0002441406 0.2001953 0.05029297 0.2001953 0.03076172 0.001256459 0.02001953 0.1999512 0.02001953 0.199707 0.7110123 0.3994141 0.09033203 0.3994141 0.03076172 0.2745219 0.0300293 0.3991699 0.0300293 0.5078125 0.03173828 0.1694336 0.65625 0.2587891 0.6577148 0.2587891 0.6450195 0.2250977 0.6577148 0.2158203 0.6206055 0.21875 0.6279297 0.1435547 0.6538086 0.1459961 0.640625 0.1171875 0.6538086 0.1694336 0.6186523 0.2016602 0.637207 0.1977539 0.6425781 0.2070313 0.6333008 0.2124023 0.6308594 0.1171875 0.6401367 0.1542969 0.6308594 0.1601563 0.628418 0.1494141 0.6352539 0.2138672 0.6186523 0.1660156 0.6264648 0.1635742 0.6186523 0.1616211 0.6171875 0.1347656 0.6171875 0.1171875 0.6171875 0.1132813 0.6333008 0.1694336 0.6420898 0.1171875 0.6337891 0.1132813 0.6171875 0.1005859 0.6171875 0.2041016 0.6450195 0.2041016 0.6577148 0.1870117 0.6186523 0.2543945 0.6264648 0.2543945 0.6391602 0.25 0.6391602 0.25 0.6264648 0.2172852 0.6293945 0.1655273 0.6274414 0.1694336 0.65625 0.2587891 0.6577148 0.2587891 0.6450195 0.2250977 0.6577148 0.2158203 0.6206055 0.21875 0.6279297 0.1435547 0.6538086 0.1459961 0.640625 0.1171875 0.6538086 0.1694336 0.6186523 0.2016602 0.637207 0.1977539 0.6425781 0.2070313 0.6333008 0.2124023 0.6308594 0.1171875 0.6401367 0.1542969 0.6308594 0.1601563 0.628418 0.1494141 0.6352539 0.2138672 0.6186523 0.1660156 0.6264648 0.1635742 0.6186523 0.1616211 0.6171875 0.1347656 0.6171875 0.1171875 0.6171875 0.1132813 0.6333008 0.1694336 0.6420898 0.1171875 0.6337891 0.1132813 0.6171875 0.1005859 0.6171875 0.2041016 0.6450195 0.2041016 0.6577148 0.1870117 0.6186523 0.2543945 0.6264648 0.2543945 0.6391602 0.25 0.6391602 0.25 0.6264648 0.2172852 0.6293945 0.1655273 0.6274414 0.1694336 0.65625 0.2587891 0.6577148 0.2587891 0.6450195 0.2250977 0.6577148 0.2158203 0.6206055 0.21875 0.6279297 0.1435547 0.6538086 0.1459961 0.640625 0.1171875 0.6538086 0.1694336 0.6186523 0.2016602 0.637207 0.1977539 0.6425781 0.2070313 0.6333008 0.2124023 0.6308594 0.1171875 0.6401367 0.1542969 0.6308594 0.1601563 0.628418 0.1494141 0.6352539 0.2138672 0.6186523 0.1660156 0.6264648 0.1635742 0.6186523 0.1616211 0.6171875 0.1347656 0.6171875 0.1171875 0.6171875 0.1132813 0.6333008 0.1694336 0.6420898 0.1171875 0.6337891 0.1132813 0.6171875 0.1005859 0.6171875 0.2041016 0.6450195 0.2041016 0.6577148 0.1870117 0.6186523 0.2543945 0.6264648 0.2543945 0.6391602 0.25 0.6391602 0.25 0.6264648 0.2172852 0.6293945 0.1655273 0.6274414 0.1694336 0.65625 0.2587891 0.6577148 0.2587891 0.6450195 0.2250977 0.6577148 0.2158203 0.6206055 0.21875 0.6279297 0.1435547 0.6538086 0.1459961 0.640625 0.1171875 0.6538086 0.1694336 0.6186523 0.2016602 0.637207 0.1977539 0.6425781 0.2070313 0.6333008 0.2124023 0.6308594 0.1171875 0.6401367 0.1542969 0.6308594 0.1601563 0.628418 0.1494141 0.6352539 0.2138672 0.6186523 0.1660156 0.6264648 0.1635742 0.6186523 0.1616211 0.6171875 0.1347656 0.6171875 0.1171875 0.6171875 0.1132813 0.6333008 0.1694336 0.6420898 0.1171875 0.6337891 0.1132813 0.6171875 0.1005859 0.6171875 0.2041016 0.6450195 0.2041016 0.6577148 0.1870117 0.6186523 0.2543945 0.6264648 0.2543945 0.6391602 0.25 0.6391602 0.25 0.6264648 0.2172852 0.6293945 0.1655273 0.6274414 0.1694336 0.65625 0.2587891 0.6577148 0.2587891 0.6450195 0.2250977 0.6577148 0.2158203 0.6206055 0.21875 0.6279297 0.1435547 0.6538086 0.1459961 0.640625 0.1171875 0.6538086 0.1694336 0.6186523 0.2016602 0.637207 0.1977539 0.6425781 0.2070313 0.6333008 0.2124023 0.6308594 0.1171875 0.6401367 0.1542969 0.6308594 0.1601563 0.628418 0.1494141 0.6352539 0.2138672 0.6186523 0.1660156 0.6264648 0.1635742 0.6186523 0.1616211 0.6171875 0.1347656 0.6171875 0.1171875 0.6171875 0.1132813 0.6333008 0.1694336 0.6420898 0.1171875 0.6337891 0.1132813 0.6171875 0.1005859 0.6171875 0.2041016 0.6450195 0.2041016 0.6577148 0.1870117 0.6186523 0.2543945 0.6264648 0.2543945 0.6391602 0.25 0.6391602 0.25 0.6264648 0.2172852 0.6293945 0.1655273 0.6274414 0.1694336 0.65625 0.2587891 0.6577148 0.2587891 0.6450195 0.2250977 0.6577148 0.2158203 0.6206055 0.21875 0.6279297 0.1435547 0.6538086 0.1459961 0.640625 0.1171875 0.6538086 0.1694336 0.6186523 0.2016602 0.637207 0.1977539 0.6425781 0.2070313 0.6333008 0.2124023 0.6308594 0.1171875 0.6401367 0.1542969 0.6308594 0.1601563 0.628418 0.1494141 0.6352539 0.2138672 0.6186523 0.1660156 0.6264648 0.1635742 0.6186523 0.1616211 0.6171875 0.1347656 0.6171875 0.1171875 0.6171875 0.1132813 0.6333008 0.1694336 0.6420898 0.1171875 0.6337891 0.1132813 0.6171875 0.1005859 0.6171875 0.2041016 0.6450195 0.2041016 0.6577148 0.1870117 0.6186523 0.2543945 0.6264648 0.2543945 0.6391602 0.25 0.6391602 0.25 0.6264648 0.2172852 0.6293945 0.1655273 0.6274414 0.2298011 0.1000977 0.2252151 0.1049805 0.2298011 0.03027344 0.225529 0.1049804 0.2252151 0.1152344 0.225529 0.1152344 0.007128145 0.1047363 0.007200055 0.1047363 0.002591748 0.09985346 0.007128145 0.1047363 0.002422846 0.09985352 0.002422843 0.0300293 0.007200055 0.1047363 0.007128145 0.1147461 0.2264544 0.1152344 0.4257813 0.03173828 0.4257813 0.04882813 0.001220703 0.7990723 0.01318516 0.7844238 0.0015006 0.05029297 0.0125263 0.03076172 0.07473999 0.7110123 0.2154425 0.03076172 0.2751428 0.09033203 0.2252151 0.1049805 0.007128146 0.1047363 0.007128145 0.1147461 0.2257034 0.002685547 0.2073626 0.01782227 0.2260172 0.002685547 0.2072911 0.01782227 0.2252151 0.1152344  
			<TextureCoords1>: 799 0.7045826 0.674605 0.6716484 0.8890828 0.4359635 0.8891503 0.5930899 0.8891029 0.7045826 0.7037002 0.5809278 0.7037002 0.9624304 0.4099447 0.9624304 0.5670589 0.6716447 0.8745349 0.4359598 0.8746018 0.593086 0.8745546 0.5954755 0.7037002 0.9463011 0.9474896 0.7891869 0.94749 0.5930671 0.762449 0.6716155 0.7624294 0.4359825 0.7624637 0.7891867 0.8353701 0.7106296 0.8353703 0.9463009 0.8353697 0.6716421 0.864248 0.43595 0.8643137 0.5930834 0.8642662 0.7106298 0.9372035 0.9463011 0.9372029 0.7891868 0.9372033 0.5809279 0.7221541 0.003906451 0.2925668 0.2395776 0.2925667 0.08246339 0.2925668 0.580928 0.7512493 0.7045826 0.7512493 0.9216972 0.3692114 0.7645831 0.3692113 0.00390639 0.2780192 0.2395776 0.278019 0.08246338 0.2780192 0.690035 0.7512494 0.7519914 0.814779 0.9095452 0.8140335 0.08246325 0.1658993 0.00390625 0.1658993 0.2395774 0.165899 0.90984 0.7025971 0.987882 0.7026044 0.7545565 0.7019393 0.003906331 0.2677325 0.2395776 0.2677323 0.08246338 0.2677325 0.9878726 0.8037698 0.7517373 0.8044342 0.9095272 0.8037459 0.8454643 0.6533006 0.8672857 0.6533006 0.8672857 0.6823959 0.8454643 0.6798505 0.8480098 0.6823959 0.8672857 0.6943982 0.8698311 0.6969436 0.8454643 0.6533006 0.9755623 0.6533006 0.9755623 0.682396 0.9755624 0.6969436 0.331619 0.6691654 0.3580316 0.9050715 0.3508937 0.6499414 0.352598 0.2964731 0.3581399 0.9588942 0.360573 0.9086692 0.3308372 0.3179067 0.3580316 0.9338173 0.841558 0.6533006 0.5770215 0.7439756 0.5770213 0.7148802 0.8197366 0.6533006 0.8197367 0.682396 0.7106298 0.6969436 0.8415581 0.6798506 0.8390127 0.6823959 0.3580317 0.9245797 0.3580345 0.9281796 0.841558 0.6550322 0.576071 0.4274026 0.3580316 0.7148802 0.3580318 0.7439756 0.6372116 0.3171929 0.6179699 0.214281 0.07713065 0.08480847 0.08928324 0.08480847 0.1014358 0.08480841 0.1135884 0.08480835 0.6372116 0.2953713 0.6179699 0.1924596 0.1135883 0.06298673 0.1014357 0.06298679 0.08928315 0.06298679 0.07713056 0.06298685 0.05336811 0.06298691 0.2726341 0.1619927 0.6973763 0.8045819 0.6973763 0.8004741 0.1231611 0.08480835 0.6973763 0.8197167 0.6755546 0.8004741 0.6755546 0.8045819 0.6755547 0.8197167 0.123161 0.06298667 0.1814629 0.1372395 0.177089 0.1585289 0.2754586 0.1585289 0.3186321 0.09999228 0.3186321 0.1585288 0.2710847 0.1372395 0.2629243 0.1266047 0.2525594 0.1186515 0.2404893 0.1136519 0.1339154 0.09999228 0.1339155 0.1585288 0.2120582 0.1136519 0.1999881 0.1186515 0.1896232 0.1266047 0.2321406 0.1125925 0.2204069 0.1125925 0.2377539 0.1006027 0.2147936 0.1006027 0.1339155 0.1372396 0.3186321 0.1372396 0.5932169 0.2142811 0.5932169 0.1924596 0.3186321 0.1266049 0.1339155 0.1266049 0.5825822 0.1924596 0.3220959 0.1266049 0.1637132 0.10023 0.60395 0.3171929 0.60395 0.2953713 0.2888343 0.10023 0.252463 0.1005365 0.2000846 0.1005365 0.2000846 0.09652841 0.252463 0.09652841 0.5394363 0.03971076 0.61797 0.2657368 0.07713065 0.1105366 0.08928325 0.1105365 0.1014358 0.1105365 0.1135884 0.1105365 0.5394363 0.01788908 0.61797 0.2439154 0.1135883 0.08871478 0.1014357 0.08871484 0.08928316 0.0887149 0.07713058 0.08871496 0.05336813 0.08871502 0.4991376 0.3171929 0.6973763 0.8508794 0.6973763 0.8467717 0.1231611 0.1105364 0.6973763 0.8660143 0.6755546 0.8467717 0.6755546 0.8508794 0.6755547 0.8660143 0.123161 0.08871478 0.2792382 0.06786895 0.2748642 0.0891583 0.5019621 0.313729 0.5451356 0.2551925 0.5451356 0.313729 0.4975882 0.2924396 0.4894278 0.2818049 0.479063 0.2738517 0.4669929 0.2688521 0.2316907 0.03062171 0.2316908 0.08915824 0.3098335 0.04428136 0.2977634 0.04928094 0.2873985 0.05723417 0.4586442 0.2677926 0.3181822 0.04322195 0.4642575 0.2558029 0.3125689 0.03123212 0.2316908 0.06786907 0.5451356 0.2924398 0.5932169 0.2657369 0.5932169 0.2439154 0.5451356 0.281805 0.2316908 0.05723429 0.5825821 0.2439154 0.5485994 0.281805 0.2614884 0.03085947 0.5061747 0.03971076 0.5061747 0.01788908 0.5153379 0.2554302 0.4789665 0.2557367 0.2978599 0.03116596 0.2978599 0.0271579 0.4789665 0.2517286 0.6372116 0.291465 0.6179699 0.1885532 0.07713068 0.1362646 0.08928328 0.1362646 0.1014358 0.1362646 0.1135884 0.1362645 0.6372116 0.2696434 0.6179699 0.1667318 0.1135884 0.1144429 0.1014358 0.1144429 0.08928321 0.1144429 0.07713059 0.114443 0.05336816 0.1144431 0.4013623 0.1090813 0.6973763 0.781433 0.6973763 0.7773253 0.1231611 0.1362645 0.6973763 0.7965679 0.6755546 0.7773253 0.6755546 0.781433 0.6755547 0.7965679 0.1231611 0.1144428 0.4079665 0.2924397 0.4035926 0.313729 0.4041868 0.1056174 0.4473603 0.04708081 0.4473603 0.1056174 0.3998129 0.08432806 0.3916526 0.07369328 0.3812877 0.06574005 0.3692176 0.06074041 0.360419 0.2551925 0.3604191 0.313729 0.4385618 0.2688521 0.4264917 0.2738517 0.4161268 0.2818049 0.3608688 0.05968106 0.4469106 0.2677927 0.3664822 0.04769129 0.4412972 0.2558029 0.3604191 0.2924398 0.4473603 0.08432817 0.5932169 0.1885532 0.5932169 0.1667318 0.4473603 0.07369345 0.3604191 0.281805 0.5825822 0.1667318 0.4508241 0.07369339 0.3902167 0.2554302 0.60395 0.291465 0.60395 0.2696434 0.4175626 0.04731858 0.3811912 0.04762506 0.4265882 0.2557367 0.4265881 0.2517286 0.3811912 0.04361701 0.00390625 0.03725874 0.5525057 0.1410041 0.9108508 0.9960938 0.9230034 0.9960937 0.935156 0.9960937 0.9473086 0.9960936 0.003906259 0.05908042 0.5525057 0.1628255 0.9473085 0.974272 0.9351559 0.974272 0.9230034 0.9742721 0.9108508 0.9742721 0.8870884 0.9742722 0.4991376 0.2478223 0.9859934 0.9809589 0.9859934 0.9768512 0.9568813 0.9960936 0.9859934 0.9960938 0.9641718 0.9768512 0.9641718 0.9809589 0.9641718 0.9960938 0.9568812 0.974272 0.4079664 0.1536986 0.4035926 0.174988 0.5019621 0.2443585 0.5451356 0.185822 0.5451356 0.2443585 0.4975882 0.2230691 0.4894279 0.2124344 0.479063 0.2044811 0.4669929 0.1994815 0.360419 0.1164514 0.3604191 0.1749879 0.4385618 0.130111 0.4264917 0.1351106 0.4161268 0.1430638 0.4586442 0.1984221 0.4469106 0.1290516 0.4642575 0.1864324 0.4412972 0.1170618 0.3604191 0.1536987 0.5451356 0.2230693 0.5772588 0.141004 0.5772588 0.1628255 0.5451356 0.2124345 0.3604191 0.143064 0.5878935 0.1628255 0.5485994 0.2124345 0.3902167 0.1166891 0.03716782 0.03725874 0.03716782 0.05908042 0.5153379 0.1860597 0.4789665 0.1863661 0.4265881 0.1169956 0.4265881 0.1129875 0.4789665 0.1823581 0.3569552 0.01788908 0.5525057 0.2181879 0.7843055 0.9960938 0.7964581 0.9960937 0.8086106 0.9960937 0.8207632 0.9960936 0.3569552 0.03971076 0.5525057 0.2400092 0.8207631 0.974272 0.8086106 0.974272 0.7964579 0.9742721 0.7843054 0.9742721 0.7605429 0.9742722 0.4991376 0.1090813 0.6973763 0.8277307 0.6973763 0.8236229 0.830336 0.9960936 0.6973763 0.8428655 0.6755546 0.8236229 0.6755546 0.8277307 0.6755547 0.8428655 0.8303359 0.974272 0.1814629 0.06786895 0.177089 0.0891583 0.5019621 0.1056175 0.5451356 0.04708087 0.5451356 0.1056174 0.4975882 0.08432806 0.4894279 0.07369328 0.479063 0.06574005 0.4669929 0.06074047 0.1339155 0.03062171 0.1339155 0.08915824 0.2120583 0.0442813 0.1999881 0.04928094 0.1896232 0.05723417 0.4586442 0.05968106 0.220407 0.04322189 0.4642575 0.04769129 0.2147937 0.03123212 0.1339155 0.06786901 0.5451356 0.08432817 0.5772588 0.2181877 0.5772588 0.2400092 0.5451356 0.07369345 0.1339155 0.05723429 0.5878935 0.2400092 0.5485994 0.07369345 0.1637132 0.03085941 0.3902168 0.01788908 0.3902168 0.03971076 0.5153379 0.04731858 0.4789665 0.04762506 0.2000846 0.03116596 0.2000846 0.02715784 0.4789665 0.04361701 0.00390625 0.01153082 0.5525057 0.1152762 0.07713068 0.1619927 0.08928327 0.1619927 0.1014358 0.1619926 0.1135884 0.1619926 0.003906259 0.03335249 0.5525057 0.1370976 0.1135883 0.1401709 0.1014358 0.140171 0.08928319 0.140171 0.0771306 0.1401711 0.05336817 0.1401711 0.4991376 0.1784518 0.6973763 0.8740283 0.6973763 0.8699206 0.1231612 0.1619925 0.6973763 0.8891631 0.6755546 0.8699206 0.6755546 0.8740283 0.6755547 0.8891631 0.1231611 0.1401709 0.4079664 0.2230691 0.4035926 0.2443585 0.5019621 0.174988 0.5451356 0.1164514 0.5451356 0.174988 0.4975882 0.1536986 0.4894279 0.1430638 0.479063 0.1351106 0.4669929 0.130111 0.360419 0.1858219 0.3604191 0.2443585 0.4385618 0.1994815 0.4264917 0.2044812 0.4161268 0.2124344 0.4586442 0.1290516 0.4469106 0.1984221 0.4642575 0.1170618 0.4412972 0.1864324 0.3604191 0.2230693 0.5451356 0.1536987 0.5772588 0.1152762 0.5772588 0.1370976 0.5451356 0.143064 0.3604191 0.2124345 0.5878935 0.1370976 0.5485994 0.143064 0.3902167 0.1860597 0.03716782 0.01153082 0.03716782 0.03335249 0.5153379 0.1166891 0.4789665 0.1169956 0.4265881 0.1863661 0.4265881 0.1823581 0.4789665 0.1129876 0.9624304 0.3708514 0.7139212 0.8314633 0.9853944 0.9474896 0.7127617 0.8172816 0.7230143 0.7009535 0.9781607 0.8353696 0.718951 0.8057391 0.978161 0.9372029 0.9898323 0.3401161 0.3679695 0.8891625 0.360724 0.7624307 0.315098 0.165899 0.3077127 0.278019 0.3679665 0.8746129 0.3606765 0.8642619 0.3150982 0.2677323 0.7158169 0.8313082 0.7146093 0.8170651 0.9864255 0.3401161 0.7205721 0.8056419 0.7246355 0.7010167 0.304306 0.278019 0.311322 0.165899 0.3113222 0.2677323 0.9624304 0.3728061 0.9834397 0.9474896 0.3713694 0.8891618 0.976568 0.9372028 0.9765677 0.8353695 0.3713661 0.874612 0.364487 0.7624325 0.3644394 0.864264 0.5954755 0.674605 0.5809278 0.674605 0.9915257 0.5670589 0.9915257 0.4099447 0.7106299 0.9620378 0.7891869 0.9620377 0.7106298 0.9474902 0.9463012 0.9620373 0.6027493 0.7109741 0.7045826 0.7109741 0.7045826 0.6673312 0.6027493 0.6673312 0.9915257 0.6456159 0.9624304 0.6456159 0.6900349 0.7221541 0.7045826 0.7221541 0.764583 0.340116 0.9216971 0.3401162 0.987882 0.8285269 0.9878759 0.8140249 0.9095777 0.8285615 0.7524586 0.8293134 0.580928 0.7585232 0.6827612 0.7585232 0.6827611 0.7148803 0.5809278 0.7148803 0.6860259 0.3401161 0.686026 0.3692114 0.9586426 0.3690339 0.9605871 0.3690245 0.304306 0.2925667 0.3077127 0.2925667 0.9916561 0.345355 0.991663 0.3419555 0.3312497 0.9960938 0.3505256 0.9960928 0.3508937 0.6499414 0.3505256 0.9960928 0.3541254 0.9960938 0.3605706 0.9620378 0.7067233 0.9586357 0.6849658 0.9086713 0.6849628 0.9050715 0.7067233 0.9338173 0.00390625 0.2964734 0.003906443 0.3182948 0.6849628 0.8930693 0.3580316 0.8930693 0.7067233 0.9320858 0.3580316 0.9320858 0.3580319 0.9676756 0.3580316 0.992494 0.7071747 0.9927548 0.7071748 0.9676777 0.3580316 0.9125776 0.6857409 0.9245797 0.6857408 0.9125776 0.6831985 0.9281766 0.7106296 0.6823959 0.8171913 0.6969436 0.8197368 0.6943982 0.6821197 0.3210992 0.3569552 0.3210992 0.3570808 0.4276609 0.353049 0.6456159 0.3312275 0.6456159 0.003906494 0.4265713 0.2221204 0.426626 0.3580318 0.9659441 0.7071748 0.9659461 0.5762458 0.6964264 0.3580316 0.6964264 0.3580316 0.710974 0.5762458 0.710974 0.5762458 0.667331 0.3580316 0.667331 0.00390625 0.6495222 0.003907609 0.6687983 0.7050201 0.9960938 0.3580346 0.9960938 0.2221205 0.6456159 0.5763826 0.6456159 0.6821135 0.6454915 0.3580319 0.7585232 0.5770216 0.7585232 0.7106296 0.6533006 0.3220959 0.1619927 0.1265453 0.08480829 0.1265453 0.06298667 0.05336819 0.08480829 0.2341198 0.0990141 0.2282269 0.1129546 0.1799135 0.1619927 0.1846956 0.1387165 0.1304517 0.1619927 0.3220959 0.09652841 0.2604539 0.1290751 0.2678519 0.1387165 0.2508126 0.1216771 0.239585 0.1170265 0.1304517 0.1372396 0.2017349 0.1216772 0.2129625 0.1170266 0.1920937 0.1290752 0.2373901 0.09652841 0.2243207 0.1129546 0.2184278 0.0990141 0.2151575 0.09652841 0.1637131 0.09652841 0.1304516 0.09652841 0.5825821 0.2142811 0.3220959 0.1372396 0.1304516 0.1266049 0.5525057 0.2142813 0.5525057 0.1924596 0.00390625 0.06298715 0.003906331 0.08480847 0.2888343 0.09652841 0.5525057 0.2953712 0.5525057 0.3171929 0.5675786 0.3171929 0.5675786 0.2953712 0.2300942 0.1157771 0.2224534 0.1157771 0.5485995 0.3171929 0.1265454 0.1105364 0.1265453 0.08871472 0.0533682 0.1105364 0.4606233 0.2542143 0.4547305 0.2681548 0.2776888 0.09262216 0.2824709 0.06934595 0.228227 0.0926221 0.5485994 0.2517287 0.4869574 0.2842754 0.4943555 0.2939166 0.4773162 0.2768773 0.4660886 0.2722268 0.228227 0.06786907 0.2995102 0.05230659 0.3107378 0.047656 0.2898689 0.0597046 0.4638936 0.2517286 0.3220959 0.04358405 0.3162031 0.02964354 0.3129328 0.02715784 0.2614884 0.0271579 0.2282269 0.0271579 0.5825821 0.265737 0.5485994 0.2924398 0.2282269 0.05723435 0.5525057 0.2657371 0.5525057 0.2439155 0.00390625 0.0887152 0.003906327 0.1105366 0.5153379 0.2517286 0.4547305 0.01788908 0.4547305 0.03971076 0.4698034 0.03971076 0.4698033 0.01788908 0.4565978 0.2709773 0.3202286 0.04640651 0.4508242 0.1090812 0.1265454 0.1362644 0.1265453 0.1144428 0.05336823 0.1362644 0.362848 0.0461027 0.3569552 0.06004316 0.4064171 0.3171929 0.4111992 0.2939166 0.3569553 0.3171929 0.4508241 0.04361701 0.3891821 0.07616371 0.3965802 0.085805 0.3795409 0.0687657 0.3683133 0.06411511 0.3569553 0.2924398 0.4282385 0.2768773 0.4394661 0.2722268 0.4185973 0.2842754 0.3661183 0.04361701 0.4508242 0.2681548 0.4449314 0.2542143 0.4416611 0.2517286 0.3902167 0.2517287 0.3569552 0.2517287 0.5825821 0.1885533 0.4508241 0.08432817 0.3569552 0.2818051 0.5525057 0.1885534 0.5525057 0.1667318 0.00390625 0.1144432 0.003906325 0.1362646 0.4175626 0.04361701 0.5525057 0.2696434 0.5525057 0.291465 0.5675786 0.291465 0.5675786 0.2696434 0.3588225 0.06286561 0.4489569 0.2709773 0.5485995 0.2478223 0.9602655 0.9960936 0.9602655 0.9742719 0.8870884 0.9960936 0.4606233 0.1848438 0.4547305 0.1987842 0.4064171 0.1784518 0.4111992 0.1551756 0.3569553 0.1784518 0.5485994 0.1823581 0.4869574 0.2149048 0.4943555 0.2245461 0.4773161 0.2075068 0.4660886 0.2028562 0.3569553 0.1536987 0.4282385 0.1381363 0.4394661 0.1334857 0.4185972 0.1455343 0.4638936 0.1823581 0.4508242 0.1294137 0.4449314 0.1154732 0.4416611 0.1129875 0.3902167 0.1129876 0.3569552 0.1129876 0.5878935 0.141004 0.5485994 0.2230693 0.3569552 0.143064 0.6179699 0.1410038 0.6179699 0.1628255 0.8376264 0.9742724 0.8376265 0.9960938 0.5153379 0.1823581 0.08861207 0.05908042 0.08861206 0.03725874 0.07353916 0.03725874 0.07353917 0.05908042 0.4565977 0.2016067 0.4489569 0.1322362 0.5485995 0.1090813 0.8337201 0.9960936 0.8337201 0.9742719 0.760543 0.9960936 0.4606233 0.0461027 0.4547305 0.06004322 0.1799135 0.09262216 0.1846956 0.06934589 0.1304517 0.0926221 0.5485994 0.04361701 0.4869574 0.07616371 0.4943555 0.08580506 0.4773161 0.0687657 0.4660886 0.06411511 0.1304517 0.06786907 0.201735 0.05230659 0.2129625 0.047656 0.1920936 0.0597046 0.4638936 0.04361701 0.2243207 0.04358405 0.2184278 0.02964354 0.2151575 0.02715784 0.1637132 0.0271579 0.1304516 0.02715784 0.5878935 0.2181877 0.5485994 0.08432817 0.1304517 0.05723429 0.6179699 0.2181876 0.6179699 0.2400092 0.711081 0.9742724 0.7110811 0.9960938 0.5153379 0.04361701 0.441661 0.03971076 0.441661 0.01788908 0.4265881 0.01788908 0.4265881 0.03971076 0.4565977 0.06286561 0.2224534 0.04640651 0.5485995 0.1784518 0.1265454 0.1619925 0.1265453 0.1401709 0.05336824 0.1619925 0.4606233 0.1154732 0.4547305 0.1294137 0.4064171 0.2478223 0.4111992 0.2245461 0.3569553 0.2478223 0.5485994 0.1129876 0.4869574 0.1455343 0.4943555 0.1551756 0.4773161 0.1381363 0.4660886 0.1334857 0.3569553 0.2230693 0.4282385 0.2075068 0.4394661 0.2028562 0.4185972 0.2149048 0.4638936 0.1129876 0.4508242 0.1987843 0.4449314 0.1848438 0.4416611 0.1823581 0.3902167 0.1823581 0.3569552 0.1823581 0.5878935 0.1152761 0.5485994 0.1536987 0.3569552 0.2124345 0.6179699 0.1152759 0.6179699 0.1370976 0.00390625 0.1401713 0.003906327 0.1619927 0.5153379 0.1129876 0.08861207 0.03335249 0.08861206 0.01153082 0.07353916 0.01153082 0.07353917 0.03335249 0.4565977 0.1322362 0.4489569 0.2016067 0.7162893 0.8050283 0.7106296 0.8161796 0.7203608 0.7008499 0.9879897 0.9474896 0.9853944 0.9620372 0.9879897 0.9620372 0.711081 0.9678255 0.7116124 0.9703656 0.7240163 0.9678255 0.3580316 0.8769237 0.3580822 0.8642607 0.3581297 0.7624294 0.3103079 0.278019 0.365374 0.8891631 0.9834397 0.9620372 0.8454643 0.6533006 0.8454643 0.6798505 0.352598 0.2964731 0.3308372 0.3179067 0.3508937 0.6499414 0.331619 0.6691654 0.2221204 0.426626 0.6821197 0.3210992 0.576071 0.4274026 0.9853944 0.9474896 0.3077127 0.278019 0.3077127 0.2925667 0.9624304 0.3708514 0.991663 0.3419555 0.9605871 0.3690245 0.9898323 0.3401161 0.9853944 0.9620372  
			<Normals>: 799 0 0 -1 0.7071068 -0.7071068 0 0.7068777 -0.7073355 -0.0007019336 0.7071068 -0.7071068 0 0 0 -1 0 0 -1 -0.7071068 -0.7071068 0 -0.7071068 -0.7071068 0 0.9238803 -0.3826815 0 0.9236388 -0.3832625 -0.001037659 0.9238803 -0.3826815 0 0 0 -1 -0.9238803 -0.3826815 0 -0.9238803 -0.3826815 0 1 0 0 1 0 0 0.9999987 0 -0.001617528 -1 0 0 -1 0 0 -1 0 0 0.9238803 -0.3826815 0 0.9235386 -0.383503 -0.00137336 0.9238803 -0.3826815 0 -0.9238803 -0.3826815 0 -0.9238803 -0.3826815 0 -0.9238803 -0.3826815 0 -1 0 0 0 -0.7071068 0.7071068 0 -0.7071068 0.7071068 0 -0.7071068 0.7071068 -1 0 0 -1 0 0 0.001678534 -0.7065715 -0.7076396 0 -0.7071068 -0.7071068 0 -0.3826815 0.9238803 0 -0.3826815 0.9238803 0 -0.3826815 0.9238803 -1 0 0 0.002411044 -0.3822878 -0.9240402 0 -0.3826815 -0.9238803 0 0 1 0 0 1 0 0 1 0 0 -1 0 0 -1 0.003509714 0 -0.9999939 0 -0.3826815 0.9238803 0 -0.3826815 0.9238803 0 -0.3826815 0.9238803 0 -0.3826815 -0.9238803 0.003021397 -0.3817947 -0.9242422 0 -0.3826815 -0.9238803 0 0 -1 0 0 -1 0 0 -1 0 0 -1 0 0 -1 0 0 -1 0 0 -1 0 0 -1 0 0 -1 0 0 -1 0 0 -1 0 -1 0 0.9576441 -0.2879525 -0.001129225 0.5639341 -0.8258196 -0.0005188268 0.896154 0.4437433 0 0.9615297 -0.274701 -0.0002441515 0.5530086 -0.8331753 -0.0006409041 0 1 0 1 0 0 -1 0 0 0 0 -1 0 0 -1 -1 0 0 -1 0 0 -1 0 0 -1 0 0 -1 0 0 0.001068179 -0.3823776 0.9240055 0.0004272726 -0.9237023 0.3831109 -1 0 0 0 -0.832055 -0.5546932 0 0 -1 0 0 -1 -0.5773503 0.5773503 -0.5773503 -0.5773605 -0.5773605 -0.5773299 0.5898795 -0.2695171 -0.7611851 0.4773808 -0.4773808 -0.7377093 0.3375407 -0.584684 -0.7377065 0.1747204 -0.6521267 -0.7377015 -0.5773503 0.5773503 0.5773503 -0.5773503 -0.5773503 0.5773503 0.1747204 -0.6521267 0.7377015 0.3375407 -0.584684 0.7377065 0.4773808 -0.4773808 0.7377093 0.5898994 -0.2695122 0.7611714 0.5108323 -0.6264394 0.588748 0.5108097 -0.6264491 -0.5887571 0.5977815 0.4643511 -0.6534793 0.2448254 0.7267242 -0.6418197 0.4139085 -0.6622475 -0.6245862 0.7854822 -0.0726671 -0.6146032 0.2448254 0.7267242 0.6418197 0.5977815 0.4643511 0.6534793 0.7854822 -0.0726671 0.6146032 0.4139085 -0.6622475 0.6245862 0 0 1 0 0 1 0 0 -1 0 0 -1 0 0 -1 0 0 -1 0 0 -1 0 0 -1 0 0 -1 0 0 1 0 0 1 0 0 1 0 0 1 0 0 1 0 0 -1 0 0 1 0 0 -1 0 0 1 0 0 1 0 0 -1 -0.7071068 0 -0.7071068 -0.7071068 0 0.7071068 0 0 -1 0 0 1 -0.7071068 0 0.7071068 -0.7071068 0 -0.7071068 0 0 1 0 0.7071068 -0.7071068 0 0.7071068 0.7071068 0 0 -1 0 0 -1 0 0 1 0 0.7071068 0.7071068 0 0.7071068 -0.7071068 -0.5773605 0.5773299 -0.5773605 -0.5773605 -0.5773605 -0.5773299 0.5898994 -0.2695122 -0.7611714 0.4773808 -0.4773808 -0.7377093 0.3375407 -0.584684 -0.7377065 0.1747204 -0.6521267 -0.7377015 -0.5773503 0.5773503 0.5773503 -0.5773503 -0.5773503 0.5773503 0.1747204 -0.6521267 0.7377015 0.3375407 -0.584684 0.7377065 0.4773808 -0.4773808 0.7377093 0.5898994 -0.2695122 0.7611714 0.5108323 -0.6264394 0.588748 0.5108323 -0.6264394 -0.588748 0.5977815 0.4643511 -0.6534793 0.2448254 0.7267242 -0.6418197 0.4139085 -0.6622475 -0.6245862 0.7854676 -0.07266574 -0.6146222 0.2448254 0.7267242 0.6418197 0.5977815 0.4643511 0.6534793 0.7854822 -0.0726671 0.6146032 0.4139085 -0.6622475 0.6245862 0 0 1 0 0 1 0 0 -1 0 0 -1 0 0 -1 0 0 -1 0 0 -1 0 0 -1 0 0 -1 0 0 1 0 0 1 0 0 1 0 0 1 0 0 1 0 0 -1 0 0 1 0 0 -1 0 0 1 0 0 1 0 0 -1 -0.7071068 0 -0.7071068 -0.7071068 0 0.7071068 0 0 -1 0 0 1 -0.7071068 0 0.7071068 -0.7071068 0 -0.7071068 0 0 1 0 0.7071068 -0.7071068 0 0.7071068 0.7071068 0 0 -1 0 0 -1 0 0 1 0 0.7071068 0.7071068 0 0.7071068 -0.7071068 -0.5773503 0.5773503 -0.5773503 -0.5773605 -0.5773605 -0.5773299 0.5898795 -0.2695171 -0.7611851 0.4773808 -0.4773808 -0.7377093 0.3375407 -0.584684 -0.7377065 0.1747204 -0.6521267 -0.7377015 -0.5773503 0.5773503 0.5773503 -0.5773503 -0.5773503 0.5773503 0.1747204 -0.6521267 0.7377015 0.3375407 -0.584684 0.7377065 0.4773808 -0.4773808 0.7377093 0.5898994 -0.2695122 0.7611714 0.5108323 -0.6264394 0.588748 0.5108323 -0.6264394 -0.588748 0.5977815 0.4643511 -0.6534793 0.2448254 0.7267242 -0.6418197 0.4139085 -0.6622475 -0.6245862 0.7854822 -0.0726671 -0.6146032 0.2448254 0.7267242 0.6418197 0.5978011 0.4643427 0.6534674 0.7854822 -0.0726671 0.6146032 0.4139085 -0.6622475 0.6245862 0 0 1 0 0 1 0 0 -1 0 0 -1 0 0 -1 0 0 -1 0 0 -1 0 0 -1 0 0 -1 0 0 1 0 0 1 0 0 1 0 0 1 0 0 1 0 0 -1 0 0 1 0 0 -1 0 0 1 0 0 1 0 0 -1 -0.7071068 0 -0.7071068 -0.7071068 0 0.7071068 0 0 -1 0 0 1 -0.7071068 0 0.7071068 -0.7071068 0 -0.7071068 0 0 1 0 0.7071068 -0.7071068 0 0.7071068 0.7071068 0 0 -1 0 0 -1 0 0 1 0 0.7071068 0.7071068 0 0.7071068 -0.7071068 0.5773503 0.5773503 -0.5773503 0.5773299 -0.5773605 -0.5773605 0.7611851 -0.2695171 0.5898795 0.7377093 -0.4773808 0.4773808 0.7377065 -0.584684 0.3375407 0.7377015 -0.6521267 0.1747204 -0.5773503 0.5773503 -0.5773503 -0.5773503 -0.5773503 -0.5773503 -0.7377015 -0.6521267 0.1747204 -0.7377065 -0.584684 0.3375407 -0.7377093 -0.4773808 0.4773808 -0.7611714 -0.2695122 0.5898994 -0.588748 -0.6264394 0.5108323 0.588748 -0.6264394 0.5108323 0.6534793 0.4643511 0.5977815 0.6418197 0.7267242 0.2448254 0.6245862 -0.6622475 0.4139085 0.6146032 -0.0726671 0.7854822 -0.6418197 0.7267242 0.2448254 -0.6534793 0.4643511 0.5977815 -0.6146032 -0.0726671 0.7854822 -0.6245862 -0.6622475 0.4139085 -1 0 0 -1 0 0 1 0 0 1 0 0 1 0 0 1 0 0 1 0 0 1 0 0 1 0 0 -1 0 0 -1 0 0 -1 0 0 -1 0 0 -1 0 0 1 0 0 -1 0 0 1 0 0 -1 0 0 -1 0 0 1 0 0 0.7071068 0 -0.7071068 -0.7071068 0 -0.7071068 1 0 0 -1 0 0 -0.7071068 0 -0.7071068 0.7071068 0 -0.7071068 -1 0 0 0.7071068 0.7071068 0 -0.7071068 0.7071068 0 1 0 0 1 0 0 -1 0 0 -0.7071068 0.7071068 0 0.7071068 0.7071068 0 0.5773503 0.5773503 -0.5773503 0.5773299 -0.5773605 -0.5773605 0.7611851 -0.2695171 0.5898795 0.7377093 -0.4773808 0.4773808 0.7377065 -0.584684 0.3375407 0.7377015 -0.6521267 0.1747204 -0.5773503 0.5773503 -0.5773503 -0.5773503 -0.5773503 -0.5773503 -0.7377015 -0.6521267 0.1747204 -0.7377065 -0.584684 0.3375407 -0.7377093 -0.4773808 0.4773808 -0.7611714 -0.2695122 0.5898994 -0.588748 -0.6264394 0.5108323 0.588748 -0.6264394 0.5108323 0.6534793 0.4643511 0.5977815 0.6418197 0.7267242 0.2448254 0.6245862 -0.6622475 0.4139085 0.6146032 -0.0726671 0.7854822 -0.6418197 0.7267242 0.2448254 -0.6534793 0.4643511 0.5977815 -0.6146032 -0.0726671 0.7854822 -0.6245862 -0.6622475 0.4139085 -1 0 0 -1 0 0 1 0 0 1 0 0 1 0 0 1 0 0 1 0 0 1 0 0 1 0 0 -1 0 0 -1 0 0 -1 0 0 -1 0 0 -1 0 0 1 0 0 -1 0 0 1 0 0 -1 0 0 -1 0 0 1 0 0 0.7071068 0 -0.7071068 -0.7071068 0 -0.7071068 1 0 0 -1 0 0 -0.7071068 0 -0.7071068 0.7071068 0 -0.7071068 -1 0 0 0.7071068 0.7071068 0 -0.7071068 0.7071068 0 1 0 0 1 0 0 -1 0 0 -0.7071068 0.7071068 0 0.7071068 0.7071068 0 0.5773503 0.5773503 -0.5773503 0.5773299 -0.5773605 -0.5773605 0.7611851 -0.2695171 0.5898795 0.7377093 -0.4773808 0.4773808 0.7377065 -0.584684 0.3375407 0.7377015 -0.6521267 0.1747204 -0.5773503 0.5773503 -0.5773503 -0.5773503 -0.5773503 -0.5773503 -0.7377015 -0.6521267 0.1747204 -0.7377065 -0.584684 0.3375407 -0.7377093 -0.4773808 0.4773808 -0.7611714 -0.2695122 0.5898994 -0.588748 -0.6264394 0.5108323 0.588748 -0.6264394 0.5108323 0.6534793 0.4643511 0.5977815 0.6418197 0.7267242 0.2448254 0.6245736 -0.6622647 0.4139002 0.6146032 -0.0726671 0.7854822 -0.6418197 0.7267242 0.2448254 -0.6534793 0.4643511 0.5977815 -0.6146032 -0.0726671 0.7854822 -0.6245862 -0.6622475 0.4139085 -1 0 0 -1 0 0 1 0 0 1 0 0 1 0 0 1 0 0 1 0 0 1 0 0 1 0 0 -1 0 0 -1 0 0 -1 0 0 -1 0 0 -1 0 0 1 0 0 -1 0 0 1 0 0 -1 0 0 -1 0 0 1 0 0 0.7071068 0 -0.7071068 -0.7071068 0 -0.7071068 1 0 0 -1 0 0 -0.7071068 0 -0.7071068 0.7071068 0 -0.7071068 -1 0 0 0.7071068 0.7071068 0 -0.7071068 0.7071068 0 1 0 0 1 0 0 -1 0 0 -0.7071068 0.7071068 0 0.7071068 0.7071068 0 -0.5478759 -0.8047843 -0.2283732 -0.2248629 -0.8042328 -0.5501329 -0.8350564 -0.4088914 -0.3680877 -0.3625359 -0.408345 -0.8377482 -0.3765416 0 -0.9263998 -0.9226982 0 -0.3855233 -0.2914905 -0.4775977 -0.8288146 -0.8243983 -0.4802276 -0.2995814 0.2980192 -0.6300673 0.7170773 0.7179134 -0.6302915 0.2955216 0.9251419 0 0.3796213 0.3842101 0 0.9232456 0.2970763 -0.4805898 0.8250934 0.8247923 -0.4823623 0.295033 0.8362836 -0.4108783 0.3630549 0.3676347 -0.4102091 0.8346096 0.003387647 -0.7071027 -0.7071027 0.004822005 -0.3806026 -0.9247261 0 -0.7071068 0.7071068 0.006042794 -0.3810928 -0.924517 0.007049816 0 -0.9999752 0 -0.3826815 0.9238803 0 0 1 0 -0.3826815 0.9238803 -0.7071068 -0.7071068 0 -0.9238803 -0.3826815 0 0.7071061 -0.7071061 -0.001403897 -0.9238803 -0.3826815 0 -1 0 0 0.9231327 -0.3844758 -0.002105797 0.9999948 0 -0.003265563 0.9229107 -0.385004 -0.002777278 0 0 -1 0 0 -1 0.7071068 -0.7071068 0 0.7068777 -0.7073355 -0.0007019336 -0.7071068 -0.7071068 0 -0.7071068 -0.7071068 0 -0.9238803 -0.3826815 0 -0.7071068 -0.7071068 0 0 0 -1 0 0 -1 0 0 -1 0 0 -1 0.7071068 -0.7071068 0 -0.7071068 -0.7071068 0 -1 0 0 -1 0 0 0 -0.7071068 0.7071068 0 -0.7071068 0.7071068 0 -0.7071068 -0.7071068 0 -0.3826815 -0.9238803 0 -0.7071068 -0.7071068 0.001678534 -0.7065715 -0.7076396 -1 0 0 -1 0 0 -1 0 0 -1 0 0 0 -0.7071068 0.7071068 0 -0.7071068 -0.7071068 0.003387647 -0.7071027 -0.7071027 -0.2248629 -0.8042328 -0.5501329 0 -0.7071068 0.7071068 0.2980192 -0.6300673 0.7170773 0.7071061 -0.7071061 -0.001403897 0.7179134 -0.6302915 0.2955216 0 -1 0 0.3888154 -0.9213156 -0.0003357119 0.5639341 -0.8258196 -0.0005188268 0.3888154 -0.9213156 -0.0003357119 0.9265597 -0.3761478 -0.00033571 0.5639341 -0.8258196 -0.0005188268 0.9265597 -0.3761478 -0.00033571 0.3825557 -0.9239323 -0.0004272661 0.923895 -0.3826445 -0.001068157 1 0 0 0.7071068 0.7071068 0 0 1 0 0.9999994 0 -0.001159738 0.9999994 0 -0.001159738 0.7071068 0.7071068 0 0.896154 0.4437433 0 0.001342853 -0.001068179 0.9999986 0.001159717 -0.3902141 0.9207234 0.001251283 -0.3028104 0.95305 0.001342853 -0.001068179 0.9999986 0.001190257 0 0.9999993 0.001129222 -0.2878601 0.9576718 0.001190257 0 0.9999993 0.0006408981 -0.8333812 0.5526983 -1 0 0 -1 0 0 -1 0 0 0.0006408981 -0.8333812 0.5526983 0.0004272726 -0.9237023 0.3831109 0 -0.7071068 -0.7071068 0.0008850465 0.7068165 0.7073963 0 1 0 0 1 0 0 1 0 0.0008850465 0.7068165 0.7073963 0.001129207 0.4512251 0.8924094 -1 0 -0.0002441481 -1 0 -0.0002441481 -0.7070457 -0.7071678 -0.0001525976 -0.5547495 -0.8320174 -0.0001220772 -1 0 -0.0002441481 -1 0 -0.0002441481 0.0003967461 -0.9265851 0.3760847 0 -1 0 0.0005493396 -0.8412526 0.5406418 0.0003967461 -0.9265851 0.3760847 0 1 0 -0.7070457 -0.7071678 -0.0001525976 0.3825557 -0.9239323 -0.0004272661 0 -0.832055 -0.5546932 0 -0.7071068 -0.7071068 -1 0 0 -0.5773605 -0.5773605 -0.5773299 0.7854822 -0.0726671 -0.6146032 0.7854822 -0.0726671 0.6146032 0.5108097 -0.6264491 -0.5887571 0.5977815 0.4643511 -0.6534793 0.7854822 -0.0726671 -0.6146032 0.5108323 -0.6264394 0.588748 0.5898994 -0.2695122 0.7611714 -0.5773503 -0.5773503 0.5773503 -0.5773503 0.5773503 -0.5773503 0.4773808 -0.4773808 -0.7377093 0.5898795 -0.2695171 -0.7611851 0.3375407 -0.584684 -0.7377065 0.1747204 -0.6521267 -0.7377015 -0.7071068 0 0.7071068 0.3375407 -0.584684 0.7377065 0.1747204 -0.6521267 0.7377015 0.4773808 -0.4773808 0.7377093 0.2448254 0.7267242 -0.6418197 0.7854822 -0.0726671 0.6146032 0.5977815 0.4643511 0.6534793 0.2448254 0.7267242 0.6418197 0 0.7071068 0.7071068 -0.5773503 0.5773503 0.5773503 -0.7071068 0 -0.7071068 -0.7071068 0 -0.7071068 -0.7071068 0 0.7071068 -0.5773503 0.5773503 -0.5773503 -0.5773503 0.5773503 0.5773503 -0.5773503 -0.5773503 0.5773503 -0.5773605 -0.5773605 -0.5773299 0 0.7071068 -0.7071068 0.2448254 0.7267242 0.6418197 0.2448254 0.7267242 -0.6418197 0 0.7071068 -0.7071068 0 0.7071068 0.7071068 0.4139085 -0.6622475 -0.6245862 0.4139085 -0.6622475 0.6245862 -0.5773605 -0.5773605 -0.5773299 0.7854676 -0.07266574 -0.6146222 0.7854822 -0.0726671 0.6146032 0.5108323 -0.6264394 -0.588748 0.5977815 0.4643511 -0.6534793 0.7854676 -0.07266574 -0.6146222 0.5108323 -0.6264394 0.588748 0.5898994 -0.2695122 0.7611714 -0.5773503 -0.5773503 0.5773503 -0.5773605 0.5773299 -0.5773605 0.4773808 -0.4773808 -0.7377093 0.5898994 -0.2695122 -0.7611714 0.3375407 -0.584684 -0.7377065 0.1747204 -0.6521267 -0.7377015 -0.7071068 0 0.7071068 0.3375407 -0.584684 0.7377065 0.1747204 -0.6521267 0.7377015 0.4773808 -0.4773808 0.7377093 0.2448254 0.7267242 -0.6418197 0.7854822 -0.0726671 0.6146032 0.5977815 0.4643511 0.6534793 0.2448254 0.7267242 0.6418197 0 0.7071068 0.7071068 -0.5773503 0.5773503 0.5773503 -0.7071068 0 -0.7071068 -0.7071068 0 -0.7071068 -0.7071068 0 0.7071068 -0.5773605 0.5773299 -0.5773605 -0.5773503 0.5773503 0.5773503 -0.5773503 -0.5773503 0.5773503 -0.5773605 -0.5773605 -0.5773299 0 0.7071068 -0.7071068 0.2448254 0.7267242 0.6418197 0.2448254 0.7267242 -0.6418197 0 0.7071068 -0.7071068 0 0.7071068 0.7071068 0.4139085 -0.6622475 -0.6245862 0.4139085 -0.6622475 0.6245862 -0.5773605 -0.5773605 -0.5773299 0.7854822 -0.0726671 -0.6146032 0.7854822 -0.0726671 0.6146032 0.5108323 -0.6264394 -0.588748 0.5977815 0.4643511 -0.6534793 0.7854822 -0.0726671 -0.6146032 0.5108323 -0.6264394 0.588748 0.5898994 -0.2695122 0.7611714 -0.5773503 -0.5773503 0.5773503 -0.5773503 0.5773503 -0.5773503 0.4773808 -0.4773808 -0.7377093 0.5898795 -0.2695171 -0.7611851 0.3375407 -0.584684 -0.7377065 0.1747204 -0.6521267 -0.7377015 -0.7071068 0 0.7071068 0.3375407 -0.584684 0.7377065 0.1747204 -0.6521267 0.7377015 0.4773808 -0.4773808 0.7377093 0.2448254 0.7267242 -0.6418197 0.7854822 -0.0726671 0.6146032 0.5978011 0.4643427 0.6534674 0.2448254 0.7267242 0.6418197 0 0.7071068 0.7071068 -0.5773503 0.5773503 0.5773503 -0.7071068 0 -0.7071068 -0.7071068 0 -0.7071068 -0.7071068 0 0.7071068 -0.5773503 0.5773503 -0.5773503 -0.5773503 0.5773503 0.5773503 -0.5773503 -0.5773503 0.5773503 -0.5773605 -0.5773605 -0.5773299 0 0.7071068 -0.7071068 0.2448254 0.7267242 0.6418197 0.2448254 0.7267242 -0.6418197 0 0.7071068 -0.7071068 0 0.7071068 0.7071068 0.4139085 -0.6622475 -0.6245862 0.4139085 -0.6622475 0.6245862 0.5773299 -0.5773605 -0.5773605 0.6146032 -0.0726671 0.7854822 -0.6146032 -0.0726671 0.7854822 0.588748 -0.6264394 0.5108323 0.6534793 0.4643511 0.5977815 0.6146032 -0.0726671 0.7854822 -0.588748 -0.6264394 0.5108323 -0.7611714 -0.2695122 0.5898994 -0.5773503 -0.5773503 -0.5773503 0.5773503 0.5773503 -0.5773503 0.7377093 -0.4773808 0.4773808 0.7611851 -0.2695171 0.5898795 0.7377065 -0.584684 0.3375407 0.7377015 -0.6521267 0.1747204 -0.7071068 0 -0.7071068 -0.7377065 -0.584684 0.3375407 -0.7377015 -0.6521267 0.1747204 -0.7377093 -0.4773808 0.4773808 0.6418197 0.7267242 0.2448254 -0.6146032 -0.0726671 0.7854822 -0.6534793 0.4643511 0.5977815 -0.6418197 0.7267242 0.2448254 -0.7071068 0.7071068 0 -0.5773503 0.5773503 -0.5773503 0.7071068 0 -0.7071068 0.7071068 0 -0.7071068 -0.7071068 0 -0.7071068 0.5773503 0.5773503 -0.5773503 -0.5773503 0.5773503 -0.5773503 -0.5773503 -0.5773503 -0.5773503 0.5773299 -0.5773605 -0.5773605 0.7071068 0.7071068 0 -0.6418197 0.7267242 0.2448254 0.6418197 0.7267242 0.2448254 0.7071068 0.7071068 0 -0.7071068 0.7071068 0 0.6245862 -0.6622475 0.4139085 -0.6245862 -0.6622475 0.4139085 0.5773299 -0.5773605 -0.5773605 0.6146032 -0.0726671 0.7854822 -0.6146032 -0.0726671 0.7854822 0.588748 -0.6264394 0.5108323 0.6534793 0.4643511 0.5977815 0.6146032 -0.0726671 0.7854822 -0.588748 -0.6264394 0.5108323 -0.7611714 -0.2695122 0.5898994 -0.5773503 -0.5773503 -0.5773503 0.5773503 0.5773503 -0.5773503 0.7377093 -0.4773808 0.4773808 0.7611851 -0.2695171 0.5898795 0.7377065 -0.584684 0.3375407 0.7377015 -0.6521267 0.1747204 -0.7071068 0 -0.7071068 -0.7377065 -0.584684 0.3375407 -0.7377015 -0.6521267 0.1747204 -0.7377093 -0.4773808 0.4773808 0.6418197 0.7267242 0.2448254 -0.6146032 -0.0726671 0.7854822 -0.6534793 0.4643511 0.5977815 -0.6418197 0.7267242 0.2448254 -0.7071068 0.7071068 0 -0.5773503 0.5773503 -0.5773503 0.7071068 0 -0.7071068 0.7071068 0 -0.7071068 -0.7071068 0 -0.7071068 0.5773503 0.5773503 -0.5773503 -0.5773503 0.5773503 -0.5773503 -0.5773503 -0.5773503 -0.5773503 0.5773299 -0.5773605 -0.5773605 0.7071068 0.7071068 0 -0.6418197 0.7267242 0.2448254 0.6418197 0.7267242 0.2448254 0.7071068 0.7071068 0 -0.7071068 0.7071068 0 0.6245862 -0.6622475 0.4139085 -0.6245862 -0.6622475 0.4139085 0.5773299 -0.5773605 -0.5773605 0.6146032 -0.0726671 0.7854822 -0.6146032 -0.0726671 0.7854822 0.588748 -0.6264394 0.5108323 0.6534793 0.4643511 0.5977815 0.6146032 -0.0726671 0.7854822 -0.588748 -0.6264394 0.5108323 -0.7611714 -0.2695122 0.5898994 -0.5773503 -0.5773503 -0.5773503 0.5773503 0.5773503 -0.5773503 0.7377093 -0.4773808 0.4773808 0.7611851 -0.2695171 0.5898795 0.7377065 -0.584684 0.3375407 0.7377015 -0.6521267 0.1747204 -0.7071068 0 -0.7071068 -0.7377065 -0.584684 0.3375407 -0.7377015 -0.6521267 0.1747204 -0.7377093 -0.4773808 0.4773808 0.6418197 0.7267242 0.2448254 -0.6146032 -0.0726671 0.7854822 -0.6534793 0.4643511 0.5977815 -0.6418197 0.7267242 0.2448254 -0.7071068 0.7071068 0 -0.5773503 0.5773503 -0.5773503 0.7071068 0 -0.7071068 0.7071068 0 -0.7071068 -0.7071068 0 -0.7071068 0.5773503 0.5773503 -0.5773503 -0.5773503 0.5773503 -0.5773503 -0.5773503 -0.5773503 -0.5773503 0.5773299 -0.5773605 -0.5773605 0.7071068 0.7071068 0 -0.6418197 0.7267242 0.2448254 0.6418197 0.7267242 0.2448254 0.7071068 0.7071068 0 -0.7071068 0.7071068 0 0.6245736 -0.6622647 0.4139002 -0.6245862 -0.6622475 0.4139085 -0.8243983 -0.4802276 -0.2995814 -0.8350564 -0.4088914 -0.3680877 -0.9226982 0 -0.3855233 -0.3625359 -0.408345 -0.8377482 -0.5478759 -0.8047843 -0.2283732 -0.2248629 -0.8042328 -0.5501329 0.2970763 -0.4805898 0.8250934 0.8247923 -0.4823623 0.295033 0.8362836 -0.4108783 0.3630549 0.2970763 -0.4805898 0.8250934 0.3676347 -0.4102091 0.8346096 0.3842101 0 0.9232456 0.8247923 -0.4823623 0.295033 0.2980192 -0.6300673 0.7170773 -0.7071068 -0.7071068 0 0 0 -1 0 0 -1 0.001129207 0.4512251 0.8924094 0 1 0 0.0005493396 -0.8412526 0.5406418 0 -1 0 0 1 0 0.5530086 -0.8331753 -0.0006409041 -0.5547495 -0.8320174 -0.0001220772 -0.8350564 -0.4088914 -0.3680877 0.2970763 -0.4805898 0.8250934 0.2980192 -0.6300673 0.7170773 -0.5478759 -0.8047843 -0.2283732 0.7179134 -0.6302915 0.2955216 -0.2248629 -0.8042328 -0.5501329 0.2980192 -0.6300673 0.7170773 -0.5478759 -0.8047843 -0.2283732  
			<Tangents>: 799 -1 0 0 -2.759474E-08 -2.759475E-08 -1 -0.0007921931 0.0002006825 -0.9999996 5.244018E-08 5.244017E-08 -1 -0.9999999 0.0004238897 0 -1 7.450574E-08 0 1.006875E-07 -1.006875E-07 -1 3.01504E-08 -3.01504E-08 -1 -1.753077E-08 -4.232327E-08 -1 -0.001045293 0.0001883448 -0.9999995 -2.120208E-09 -5.118651E-09 -1 -0.9999896 0.004548223 0 -2.211298E-07 5.338577E-07 -1 3.314657E-08 -8.002338E-08 -1 0 -3.670281E-08 -1 0 0 -1 -0.001617528 2.755741E-10 -0.9999987 0 -4.448837E-08 -1 0 0 -1 0 -3.897227E-08 -1 -9.829159E-10 -2.372982E-09 -1 -0.001416176 0.0001707037 -0.999999 6.85995E-09 1.65615E-08 -1 1.188367E-08 -2.868989E-08 -1 2.59725E-08 -6.270353E-08 -1 2.886587E-08 -6.968877E-08 -1 0 0 -1 -1 0 0 -1 0 0 -1 0 0 0 0.0004238897 -0.9999999 0 0 -1 -0.9999984 -0.0007317317 -0.001641388 -1 0 0 -1 0 0 -1 -1.909244E-07 -7.908303E-08 -1 0 0 0 0.004548214 -0.9999896 -0.999997 -0.0005831822 -0.002367963 -1 0 0 -1 0 0 -1 0 0 -1 -1.491631E-07 0 -1 0 0 -1 0 0 -0.9999939 -4.565782E-08 -0.003509714 -1 0 0 -1 -3.359231E-07 -1.391431E-07 -1 0 0 -1 0 0 -0.9999954 -0.0007598572 -0.002955149 -1 0 0 -0.9999998 -0.0006081825 0 -1 0 0 -1 -7.089921E-05 0 -0.9944322 -0.105379 0 -0.99999 -0.004478785 0 -0.9933494 -0.1151391 0 -0.9999997 -0.0007405133 0 1 0 0 -1 0 0 -1 0 0 -1 0 0 -0.001186301 0 -0.9999993 -0.001179767 -1.986621E-06 -0.9999993 -0.001098264 -0.0001217241 -0.9999994 0 0 -1 -0.0002156847 0.0001338336 -0.9999999 -0.001177904 -1.258764E-05 -0.9999993 -0.0007352855 0 -0.9999997 0 -4.649311E-08 -1 0 0 -1 -1 0 0 -1 0 0 0 -0.002155483 -0.9999977 0 0 -1 0 0 -1 0 -0.03867641 -0.9992518 0 -0.01321528 -0.9999127 -0.9999993 1.148444E-05 0.001160783 -0.9999993 2.239143E-05 0.001169257 0 -0.0251362 -0.999684 -1 0 0 -1 0 0 -1 0 0 0.8164966 0.4082484 -0.4082482 0.4082339 0.4082339 -0.816511 0.4003323 0.9162602 -0.01418831 0.7031902 0.7109839 -0.005043426 0.8687649 0.4951992 0.005027073 0.9616833 0.2737916 -0.01426204 0.8164966 0.4082482 0.4082484 -0.4082483 -0.4082483 -0.8164966 0.9616833 0.2737916 0.01426204 0.8687649 0.4951992 -0.005027073 0.7031901 0.710984 0.005043535 0.4003264 0.9162629 0.01417779 0.8322455 0.5319903 -0.1560569 0.8596505 0.3653249 0.3571257 0.5640215 -0.8228904 -0.06878322 0.8829511 -0.4405994 -0.1620789 0.8934271 0.4270874 0.1392274 0.1040558 -0.9634386 0.2468979 0.8829511 -0.4405994 0.1620789 0.5640215 -0.8228904 0.06878322 0.1040558 -0.9634386 -0.2468979 0.8934271 0.4270874 -0.1392274 0.9999565 -0.009328397 0 0.9996997 -0.02450808 0 0.9999996 -0.000883302 0 0.9998921 0.01469276 0 0.9999995 0.001031132 0 0.9999582 -0.009142506 0 0.9999936 0.003568961 0 0.9991463 0.04131199 0 0.9999001 -0.01413367 0 0.9998437 -0.01767838 0 0.9996932 0.02476794 0 0.9990866 -0.04273053 0 0.9999973 -0.002329711 0 0.999833 0.01827091 0 0.9986078 -0.0527485 0 0.9995184 0.03103118 0 0.9994191 0.03408026 0 0.9999362 -0.01129973 0 0.9999994 0.001117447 0 1 2.31814E-06 0 0.7071068 0 -0.7071068 -0.7071068 0 -0.7071068 0.9999877 0.004957469 0 1 2.288488E-06 0 -0.7071068 0 -0.7071068 0.7071068 -3.540242E-06 -0.7071068 0.9997736 0.02127716 0 1 5.950601E-08 5.950601E-08 1 -4.850818E-08 4.850818E-08 0.9999974 0.002281094 0 0.9999762 -0.006893756 0 1 2.191179E-05 0 0.9999996 -0.0005758966 0.0005758965 0.9999918 -0.002866557 -0.002866556 0.8164894 0.4082447 -0.4082663 0.4082339 0.4082339 -0.816511 0.4003252 0.9162635 -0.01417895 0.70319 0.7109841 -0.005043664 0.8687651 0.4951989 0.005027396 0.9616834 0.2737913 -0.01426179 0.8164966 0.4082483 0.4082483 -0.4082483 -0.4082483 -0.8164966 0.9616833 0.2737916 0.01426204 0.8687649 0.4951993 -0.005026958 0.7031901 0.7109839 0.005043454 0.4003265 0.9162629 0.01417772 0.8322455 0.5319903 -0.1560569 0.859637 0.3653408 0.3571418 0.5640215 -0.8228904 -0.06878322 0.8829511 -0.4405994 -0.1620789 0.8934271 0.4270874 0.1392274 0.1040673 -0.9634367 0.2469002 0.8829511 -0.4405994 0.1620789 0.5640215 -0.8228904 0.06878322 0.1040558 -0.9634386 -0.2468979 0.8934271 0.4270874 -0.1392274 0.9999565 -0.009328397 0 0.9996997 -0.02450818 0 0.9999996 -0.0008833687 0 0.9998921 0.01469278 0 0.9999995 0.00103121 0 0.9999582 -0.009142508 0 0.9999936 0.003568955 0 0.9991463 0.04131216 0 0.9999001 -0.01413373 0 0.9998437 -0.01767825 0 0.9996932 0.02476806 0 0.9990866 -0.0427306 0 0.9999973 -0.002329694 0 0.999833 0.01827091 0 0.9986078 -0.0527485 0 0.9995184 0.03103119 0 0.9994191 0.03408025 0 0.9999362 -0.01129974 0 0.9999994 0.001117452 0 1 2.318141E-06 0 0.7071068 0 -0.7071068 -0.7071068 0 -0.7071068 0.9999877 0.00495747 0 1 2.288489E-06 0 -0.7071068 0 -0.7071068 0.7071068 -3.540225E-06 -0.7071068 0.9997736 0.02127717 0 1 0 0 1 0 0 0.9999974 0.002281099 0 0.9999762 -0.006893763 0 1 2.18754E-05 0 0.9999996 -0.0005758523 0.0005758523 0.9999918 -0.002866478 -0.002866478 0.8164966 0.4082483 -0.4082483 0.408234 0.4082338 -0.816511 0.4003325 0.9162601 -0.01418819 0.7031906 0.7109836 -0.005042961 0.8687648 0.4951995 0.00502678 0.9616832 0.2737918 -0.01426224 0.8164966 0.4082483 0.4082483 -0.4082482 -0.4082483 -0.8164966 0.9616831 0.2737923 0.01426274 0.8687646 0.4951997 -0.00502657 0.7031909 0.7109832 0.005042523 0.4003267 0.9162628 0.01417757 0.8322455 0.5319904 -0.1560568 0.859637 0.3653409 0.3571416 0.5640215 -0.8228904 -0.06878322 0.8829511 -0.4405994 -0.1620789 0.8934271 0.4270874 0.1392274 0.1040558 -0.9634386 0.2468979 0.8829511 -0.4405994 0.1620789 0.5640123 -0.8228977 0.06877064 0.1040558 -0.9634386 -0.2468979 0.8934271 0.4270874 -0.1392274 0.9999565 -0.009328466 0 0.9996997 -0.02450835 0 0.9999996 -0.0008833159 0 0.9998921 0.01469278 0 0.9999995 0.001031132 0 0.9999582 -0.00914259 0 0.9999936 0.003568932 0 0.9991463 0.04131227 0 0.9999001 -0.01413378 0 0.9998437 -0.01767825 0 0.9996932 0.02476782 0 0.9990866 -0.04273063 0 0.9999973 -0.002329644 0 0.999833 0.0182709 0 0.9986078 -0.05274954 0 0.9995184 0.03103201 0 0.9994191 0.03408025 0 0.9999362 -0.01129969 0 0.9999994 0.001117442 0 1 2.31814E-06 0 0.7071068 -9.523296E-08 -0.7071068 -0.7071068 0 -0.7071068 0.9999877 0.00495747 0 1 2.288489E-06 0 -0.7071068 0 -0.7071068 0.7071068 -3.540224E-06 -0.7071068 0.9997736 0.02127717 0 1 0 0 1 0 0 0.9999974 0.002281099 0 0.9999762 -0.006893763 0 1 2.187546E-05 0 0.9999996 -0.0005760338 0.0005760337 0.9999918 -0.002866635 -0.002866635 0.4082483 0.4082483 0.8164966 0.816511 0.4082339 0.4082339 0.0141887 0.9162604 0.4003319 0.005043056 0.7109836 0.7031904 -0.005026995 0.4951993 0.8687649 0.01426261 0.2737922 0.9616831 -0.4082483 0.4082483 0.8164966 0.8164966 -0.4082483 -0.4082483 -0.01426261 0.2737922 0.9616831 0.005026995 0.4951993 0.8687649 -0.005043056 0.7109836 0.7031904 -0.01417819 0.9162631 0.400326 0.1560568 0.5319903 0.8322455 -0.3571411 0.3653415 0.859637 0.06878291 -0.8228903 0.5640218 0.1620794 -0.4405997 0.8829508 -0.139227 0.4270878 0.8934271 -0.2468985 -0.9634383 0.1040563 -0.1620794 -0.4405997 0.8829508 -0.06878291 -0.8228903 0.5640218 0.2468985 -0.9634383 0.1040563 0.139227 0.4270878 0.8934271 0 -0.00932839 0.9999565 0 -0.02450803 0.9996997 0 -0.0008832378 0.9999996 0 0.01469278 0.9998921 0 0.001031048 0.9999995 0 -0.009142499 0.9999582 0 0.003568946 0.9999936 0 0.04131237 0.9991463 0 -0.01413329 0.9999001 0 -0.01767812 0.9998437 0 0.02476769 0.9996932 0 -0.04272995 0.9990867 0 -0.00232955 0.9999973 0 0.01827091 0.999833 0 -0.05274807 0.9986079 0 0.03103186 0.9995184 0 0.03408114 0.9994191 0 -0.0112994 0.9999362 0 0.001117442 0.9999994 0 2.318142E-06 1 0.7071068 0 0.7071068 0.7071068 0 -0.7071068 0 0.004957469 0.9999877 0 2.288491E-06 1 0.7071068 0 -0.7071068 0.7071068 -3.540209E-06 0.7071068 0 0.02127717 0.9997736 0 0 1 0 0 1 0 0.002281094 0.9999974 0 -0.006893759 0.9999762 0 2.193163E-05 1 -0.0005758505 -0.0005758505 0.9999996 0.002866558 -0.002866558 0.9999918 0.4082483 0.4082483 0.8164966 0.816511 0.4082339 0.4082339 0.01418874 0.9162604 0.4003319 0.005043056 0.7109836 0.7031904 -0.005026995 0.4951993 0.8687649 0.01426261 0.2737922 0.9616831 -0.4082483 0.4082483 0.8164966 0.8164966 -0.4082483 -0.4082483 -0.01426261 0.2737922 0.9616831 0.005026995 0.4951993 0.8687649 -0.005043056 0.7109836 0.7031904 -0.0141782 0.9162631 0.400326 0.1560569 0.5319903 0.8322455 -0.3571416 0.365341 0.859637 0.06878291 -0.8228903 0.5640218 0.1620794 -0.4405997 0.8829508 -0.139227 0.4270878 0.8934271 -0.2468985 -0.9634383 0.1040563 -0.1620794 -0.4405997 0.8829508 -0.06878291 -0.8228903 0.5640218 0.2468985 -0.9634383 0.1040563 0.139227 0.4270878 0.8934271 0 -0.00932839 0.9999565 0 -0.02450814 0.9996997 0 -0.0008833045 0.9999996 0 0.01469278 0.9998921 0 0.001031126 0.9999995 0 -0.009142501 0.9999582 0 0.003568946 0.9999936 0 0.04131237 0.9991463 0 -0.01413329 0.9999001 0 -0.01767812 0.9998437 0 0.02476781 0.9996932 0 -0.04272995 0.9990867 0 -0.00232955 0.9999973 0 0.01827091 0.999833 0 -0.05274807 0.9986079 0 0.03103186 0.9995184 0 0.03408114 0.9994191 0 -0.0112994 0.9999362 0 0.001117447 0.9999994 0 2.318142E-06 1 0.7071068 0 0.7071068 0.7071068 0 -0.7071068 0 0.004957469 0.9999877 0 2.288491E-06 1 0.7071068 0 -0.7071068 0.7071068 -3.540208E-06 0.7071068 0 0.02127717 0.9997736 0 0 1 0 0 1 0 0.002281094 0.9999974 0 -0.006893759 0.9999762 0 2.193163E-05 1 -0.0005758505 -0.0005758505 0.9999996 0.002866639 -0.002866639 0.9999918 0.4082483 0.4082483 0.8164966 0.816511 0.4082339 0.4082339 0.01418867 0.9162604 0.4003319 0.005043056 0.7109836 0.7031904 -0.005026995 0.4951993 0.8687649 0.01426261 0.2737922 0.9616831 -0.4082483 0.4082483 0.8164966 0.8164966 -0.4082483 -0.4082483 -0.01426261 0.2737922 0.9616831 0.005026995 0.4951993 0.8687649 -0.005043056 0.7109836 0.7031904 -0.01417819 0.9162631 0.400326 0.1560568 0.5319904 0.8322455 -0.3571415 0.3653411 0.859637 0.06878291 -0.8228903 0.5640218 0.1620794 -0.4405997 0.8829508 -0.1392157 0.4270817 0.8934317 -0.2468985 -0.9634383 0.1040563 -0.1620794 -0.4405997 0.8829508 -0.06878291 -0.8228903 0.5640218 0.2468985 -0.9634383 0.1040563 0.139227 0.4270878 0.8934271 0 -0.00932839 0.9999565 0 -0.02450803 0.9996997 0 -0.0008832378 0.9999996 0 0.01469278 0.9998921 0 0.001031048 0.9999995 0 -0.009142499 0.9999582 0 0.003568946 0.9999936 0 0.04131237 0.9991463 0 -0.01413329 0.9999001 0 -0.01767812 0.9998437 0 0.02476769 0.9996932 0 -0.04272995 0.9990867 0 -0.00232955 0.9999973 0 0.01827091 0.999833 0 -0.05274807 0.9986079 0 0.03103186 0.9995184 0 0.03408114 0.9994191 0 -0.0112994 0.9999362 0 0.001117442 0.9999994 0 2.318142E-06 1 0.7071068 0 0.7071068 0.7071068 0 -0.7071068 0 0.004957469 0.9999877 0 2.288491E-06 1 0.7071068 0 -0.7071068 0.7071068 -3.540209E-06 0.7071068 0 0.02127717 0.9997736 0 0 1 0 0 1 0 0.002281094 0.9999974 0 -0.006893759 0.9999762 0 2.193163E-05 1 -0.0005758505 -0.0005758505 0.9999996 0.002866639 -0.002866639 0.9999918 0.1284523 0.1888235 -0.9735737 -0.9743823 0.1878926 0.1235939 0.3306229 0.1617931 -0.9297911 -0.931635 0.1346977 0.3375095 -0.9263997 0 0.3765416 0.3855233 0 -0.9226981 -0.9513393 0.05422112 0.3033374 0.2588643 0.1507923 -0.9540707 -0.9545599 -0.1967281 0.2238605 0.2315301 -0.1841605 -0.9552375 0.3796213 0 -0.925142 -0.9232457 0 0.3842101 -0.9548537 -0.1494975 0.2567194 0.254536 -0.1491844 -0.955487 0.3350135 -0.141264 -0.9315634 -0.9299703 -0.1621435 0.3299467 -0.9999885 6.583245E-06 -0.004797413 -0.9999867 -0.0001423224 -0.005155875 -1 -4.196817E-06 -4.196817E-06 -0.9999783 0.0001146912 -0.006583298 -0.9999751 -2.867913E-07 -0.007049816 -1 -4.325564E-07 -1.791697E-07 -1 2.715971E-08 0 -1 4.393682E-07 1.819912E-07 -0.000811208 0.0008112079 -0.9999993 1.898929E-06 -4.584447E-06 -1 -0.002002233 -1.682549E-05 -0.999998 -2.036967E-07 4.917703E-07 -1 0 0 -1 -0.002313246 -7.709551E-05 -0.9999973 -0.003265563 1.152114E-07 -0.9999947 -0.0030489 -9.505649E-05 -0.9999954 -0.9999912 -0.004184456 0 -1 7.450574E-08 0 -1.32706E-08 -1.32706E-08 -1 -0.0006308936 0.0003618776 -0.9999998 3.369836E-08 -3.369836E-08 -1 9.471577E-08 -9.471577E-08 -1 1.607741E-08 -3.881451E-08 -1 -2.582188E-07 2.582189E-07 -1 -0.9988551 0.04783846 0 -1 0 0 -0.9999978 -0.002091907 0 -0.9986178 -0.0525586 0 6.359829E-08 6.359828E-08 -1 1.322347E-07 -1.322347E-07 -1 0 -0.004184451 -0.9999912 0 0 -1 -1 0 0 -0.9999999 -0.000247587 -0.0002475871 -1 0 0 -1 0 0 -1 0 0 -0.9999984 -0.0007332506 -0.001639871 0 0 -1 0 0.04783846 -0.9988551 0 -0.05255844 -0.9986178 0 -0.002091901 -0.9999978 -1 0 0 -1 0 0 -0.999994 -0.001929842 -0.002861014 -0.9712309 0.1395633 0.1929577 -1 -5.462282E-07 -5.462281E-07 -0.9545599 -0.1967085 0.2238777 -0.002001284 -1.587662E-05 -0.999998 0.2403886 -0.1739425 -0.9549646 -0.001122437 0 -0.9999993 -0.00108141 -9.199578E-05 -0.9999994 -0.001056564 -9.324788E-05 -0.9999995 -0.00108141 -9.199578E-05 -0.9999994 -0.0004695613 -0.0002641692 -0.9999999 5.277563E-05 0.000664296 -0.9999998 -5.256058E-05 0.000763023 -0.9999997 -0.001183983 -2.778728E-05 -0.9999993 -0.001160816 -1.127812E-05 -0.9999993 0 0.0006616469 -0.9999998 -0.0005668093 0.0005668092 -0.9999997 -0.0004822526 0 -0.9999999 -0.001159738 -2.652256E-08 -0.9999993 -0.001159738 -2.652256E-08 -0.9999993 2.478877E-08 -2.478877E-08 -1 0 0 -1 -0.9999989 0.0006608765 0.00134356 -0.9999986 0.0006825912 0.00154886 -0.9999992 -8.845792E-05 0.001284818 -0.9999991 -1.012852E-07 0.001342854 -0.9999993 -2.645958E-08 0.001190257 -0.9999993 3.245352E-06 0.001180107 -0.9999993 -2.645958E-08 0.001190257 -0.9999993 1.443213E-05 0.001181341 0 -1.269291E-05 -1 0 -0.009572227 -0.9999542 0 -0.001454974 -0.9999989 -0.9999997 -0.0002628687 0.0007632157 -0.9999993 2.239143E-05 0.001169257 -0.9999998 -0.0005037581 0.0005037581 -0.9999992 2.781573E-05 0.001223339 -0.9999998 0 0.0006080457 0.0002512137 0 -0.9999999 -0.0009848825 0 -0.9999995 -0.9999992 -2.021287E-05 0.001271328 -0.9999992 -1.055485E-05 0.001270682 0.0002441481 0 -0.9999999 0.0002441481 0 -0.9999999 0.000233484 -1.765669E-05 -1 0.0002416257 -1.438013E-05 -1 0.0002441481 0 -0.9999999 0.0002441481 0 -0.9999999 -0.9999992 7.812785E-05 0.001247426 -0.9999992 0 0.001276206 -0.9999971 -0.001727441 -0.001671858 -0.9999992 7.812785E-05 0.001247426 -1 0 0 -0.0003846306 0.0006003511 -0.9999998 -0.001183983 -2.778728E-05 -0.9999993 -1 0 0 -1 0 0 0 0 -1 0.8164833 -0.4055409 -0.4109642 0.2790552 0.9279859 0.2469217 0.2790552 0.9279859 -0.2469217 0.8322574 0.5319771 0.156038 0.7876176 -0.1882921 0.5866896 0.6178156 0.03373276 0.7855992 0.8553327 0.3015659 -0.4212649 0.7887985 -0.009241668 -0.6145824 0.8143832 -0.3563483 0.4580349 0.816494 0.4064827 -0.4100113 0.877737 0.2982917 0.3749662 0.7907158 0.001646453 0.6121812 0.9397074 0.1635771 0.3003207 0.9835768 0.1500456 0.1003145 0.7071068 -3.540225E-06 0.7071068 0.9292295 0.08181008 -0.3603326 0.9834806 0.07958206 -0.1625814 0.8786369 0.2495575 -0.4070851 0.9692538 -0.1666151 0.1810706 0.6016454 0.3224179 -0.7308007 0.8013021 -0.3704263 -0.4697864 0.9695666 -0.1842412 -0.1612321 0.9999838 0.004026978 -0.004026977 0.8113113 0.326091 0.4852202 0.7071068 0 -0.7071068 0.7071059 0.001567115 -0.7071059 0.7069593 -0.02042254 0.7069593 0.4082485 -0.4082481 -0.8164966 -0.4082483 0.4082483 -0.8164966 0.8164966 -0.4082489 0.4082477 0.8164894 -0.408267 -0.408244 0.9999874 0.003546195 0.003546195 0.9695672 -0.1835052 -0.1620657 0.9695672 -0.1835051 0.1620658 1 1.465007E-08 1.465007E-08 1 -3.806965E-08 3.806965E-08 0.9043695 0.2208349 0.3651681 0.9101808 0.3130006 -0.271296 0.8164833 -0.4055406 -0.4109645 0.2790662 0.927982 0.246924 0.2790552 0.9279859 -0.2469217 0.832244 0.5319941 0.1560516 0.7876177 -0.1882933 0.5866889 0.6178341 0.03372811 0.7855848 0.8553326 0.3015656 -0.4212651 0.7887985 -0.009241759 -0.6145824 0.8143831 -0.3563481 0.458035 0.8164868 0.4064794 -0.4100289 0.877737 0.298292 0.3749661 0.7907009 0.001649208 0.6122006 0.9397074 0.1635777 0.3003203 0.9835768 0.1500449 0.1003151 0.7071068 -3.540225E-06 0.7071068 0.9292295 0.08180998 -0.3603327 0.9834806 0.07958206 -0.1625814 0.8786369 0.249557 -0.4070854 0.9692537 -0.1666148 0.181071 0.6016454 0.3224179 -0.7308007 0.8013021 -0.3704263 -0.4697864 0.9695666 -0.1842411 -0.1612322 0.9999838 0.004027006 -0.004027005 0.8113113 0.3260913 0.48522 0.7071068 0 -0.7071068 0.7071059 0.001567233 -0.7071059 0.7069593 -0.02042253 0.7069593 0.4082663 -0.4082447 -0.8164894 -0.4082483 0.4082483 -0.8164966 0.8164966 -0.4082489 0.4082476 0.8164894 -0.4082669 -0.4082441 0.9999874 0.003546169 0.003546169 0.9695672 -0.1835053 -0.1620656 0.9695672 -0.1835045 0.1620665 1 9.367858E-08 9.367859E-08 1 0 0 0.9043694 0.2208342 0.3651687 0.9101808 0.3130006 -0.271296 0.8164833 -0.4055408 -0.4109643 0.2790552 0.9279859 0.2469217 0.2790552 0.9279859 -0.2469217 0.832244 0.5319942 0.1560515 0.7876174 -0.188291 0.5866902 0.6178155 0.03373054 0.7855993 0.8553327 0.3015659 -0.4212648 0.7887981 -0.009243655 -0.6145828 0.8143832 -0.3563485 0.4580347 0.816494 0.4064821 -0.4100119 0.8777372 0.2982897 0.3749676 0.7907155 0.001644397 0.6121817 0.9397073 0.1635766 0.3003211 0.9835768 0.1500455 0.1003146 0.7071068 -3.540225E-06 0.7071068 0.9292297 0.08181117 -0.3603319 0.9834806 0.07958241 -0.1625811 0.8786369 0.2495568 -0.4070855 0.9692537 -0.1666149 0.1810708 0.6016448 0.3224218 -0.7307994 0.8012875 -0.3704382 -0.4698021 0.9695666 -0.1842416 -0.1612317 0.9999838 0.004027006 -0.004027005 0.8113113 0.3260913 0.48522 0.7071068 0 -0.7071068 0.7071059 0.001567108 -0.7071059 0.7069593 -0.02042253 0.7069593 0.4082483 -0.4082483 -0.8164966 -0.4082483 0.4082483 -0.8164966 0.8164966 -0.4082489 0.4082476 0.8164894 -0.4082669 -0.4082441 0.9999874 0.003546193 0.003546193 0.9695672 -0.1835055 -0.1620654 0.9695672 -0.1835051 0.1620658 1 5.860031E-08 5.860031E-08 1 -1.52279E-07 1.52279E-07 0.9043693 0.2208332 0.3651696 0.9101808 0.3130005 -0.2712961 0.4109637 -0.4055414 0.8164833 -0.2469194 0.927987 0.2790536 0.2469194 0.927987 0.2790536 -0.1560513 0.5319943 0.832244 -0.5866908 -0.18829 0.7876172 -0.7855992 0.03373302 0.6178156 0.4212646 0.3015661 0.8553327 0.6145824 -0.009241647 0.7887985 -0.4580346 -0.3563485 0.8143832 0.4100114 0.4064826 0.816494 -0.3749663 0.2982916 0.877737 -0.6121812 0.00164641 0.7907158 -0.3003204 0.1635775 0.9397074 -0.1003138 0.1500464 0.9835768 -0.7071068 -3.540209E-06 0.7071068 0.3603317 0.08181138 0.9292297 0.1625812 0.07958224 0.9834806 0.4070854 0.249557 0.8786369 -0.1810707 -0.166615 0.9692538 0.7308003 0.322419 0.6016452 0.4697875 -0.3704249 0.8013022 0.1612324 -0.1842409 0.9695666 0.004027011 0.004027011 0.9999838 -0.4852199 0.3260914 0.8113113 0.7071068 0 0.7071068 0.7071059 0.001566997 0.7071059 -0.7069593 -0.02042253 0.7069593 0.8164966 -0.4082483 0.4082483 0.8164966 0.4082483 -0.4082483 -0.4082476 -0.4082489 0.8164966 0.4082441 -0.4082669 0.8164894 -0.00354618 0.00354618 0.9999874 0.1620658 -0.1835051 0.9695672 -0.1620658 -0.1835051 0.9695672 0 0 1 0 0 1 -0.3651676 0.2208354 0.9043696 0.2712955 0.3130011 0.9101808 0.4109643 -0.4055408 0.8164833 -0.2469194 0.927987 0.2790536 0.2469194 0.927987 0.2790536 -0.1560512 0.5319944 0.832244 -0.586692 -0.1882877 0.7876168 -0.7855992 0.03373271 0.6178156 0.4212649 0.3015659 0.8553327 0.6145824 -0.009241741 0.7887985 -0.4580348 -0.3563484 0.8143832 0.4100121 0.406482 0.816494 -0.3749675 0.2982898 0.8777372 -0.6121812 0.001646422 0.7907158 -0.300321 0.1635768 0.9397073 -0.1003141 0.1500461 0.9835768 -0.7071068 -3.540209E-06 0.7071068 0.3603317 0.08181138 0.9292297 0.1625812 0.07958224 0.9834806 0.4070854 0.249557 0.8786369 -0.1810711 -0.1666147 0.9692537 0.7308003 0.322419 0.6016452 0.4697875 -0.3704249 0.8013022 0.1612324 -0.1842409 0.9695666 0.004027011 0.004027011 0.9999838 -0.4852199 0.3260914 0.8113113 0.7071068 0 0.7071068 0.7071059 0.001567107 0.7071059 -0.7069593 -0.02042253 0.7069593 0.8164966 -0.4082483 0.4082483 0.8164966 0.4082483 -0.4082483 -0.4082476 -0.4082489 0.8164966 0.4082441 -0.4082669 0.8164894 -0.003546192 0.003546193 0.9999874 0.1620658 -0.1835051 0.9695672 -0.1620658 -0.1835051 0.9695672 0 0 1 0 0 1 -0.3651682 0.2208347 0.9043695 0.2712955 0.3130011 0.9101808 0.4109643 -0.4055408 0.8164833 -0.2469194 0.927987 0.2790536 0.2469194 0.927987 0.2790536 -0.1560515 0.5319942 0.832244 -0.586692 -0.1882877 0.7876168 -0.7855992 0.03373271 0.6178156 0.4212646 0.3015661 0.8553327 0.6145824 -0.009241647 0.7887985 -0.4580346 -0.3563485 0.8143832 0.4100121 0.406482 0.816494 -0.3749663 0.2982917 0.877737 -0.6121812 0.001646395 0.7907158 -0.300321 0.1635768 0.9397073 -0.1003141 0.1500461 0.9835768 -0.7071068 -3.540209E-06 0.7071068 0.3603317 0.08181138 0.9292297 0.1625812 0.07958224 0.9834806 0.4070854 0.249557 0.8786369 -0.1810711 -0.1666147 0.9692537 0.7308003 0.322419 0.6016452 0.4697875 -0.3704249 0.8013022 0.1612324 -0.1842409 0.9695666 0.004027011 0.004027011 0.9999838 -0.4852199 0.3260914 0.8113113 0.7071068 0 0.7071068 0.7071059 0.001566996 0.7071059 -0.7069593 -0.02042253 0.7069593 0.8164966 -0.4082483 0.4082483 0.8164966 0.4082483 -0.4082483 -0.4082476 -0.4082489 0.8164966 0.4082441 -0.4082669 0.8164894 -0.003546192 0.003546193 0.9999874 0.1620658 -0.1835051 0.9695672 -0.1620658 -0.1835051 0.9695672 0 0 1 0 0 1 -0.3651552 0.2208394 0.9043736 0.2712955 0.3130011 0.9101808 -0.4332791 0.1948673 0.8799409 -0.457674 0.1450047 0.8772161 -0.3855232 0 0.9226981 -0.8807231 -0.1438599 0.4512552 -0.6010144 0.1887722 0.7766252 -0.7819321 -0.1879405 0.5943573 0.8813021 -0.1945633 -0.4306411 0.4289161 0.193738 -0.8823245 0.4530643 0.1449072 -0.8796219 0.8810855 -0.195067 -0.4308565 0.8772572 -0.1448874 -0.4576323 0.9232457 0 -0.3842102 0.4289161 0.193738 -0.8823245 0.8320476 -0.1967192 -0.5186505 1.287233E-06 -1.287234E-06 -1 1 0 0 1 0 0 -0.9999992 -1.055485E-05 0.001270682 -0.9999992 0 0.001228917 -0.9999993 8.252958E-05 0.001144506 -0.9999993 0 0.001190992 -0.9999995 0 0.001023613 -0.0006805955 0.0003174947 -0.9999997 0.0002416257 -1.438013E-05 -1 -0.4576258 0.1448625 0.8772647 0.8813021 -0.1945633 -0.4306411 0.8320476 -0.1967192 -0.5186505 -0.6010254 0.1887829 0.7766141 -0.517693 -0.1995839 0.8319617 0.7785432 0.191211 -0.5977532 0.8320475 -0.1967193 -0.5186506 0.1285164 0.1887799 -0.9735737  
			<BiTangents>: 799 0 1 0 0.7071068 0.7071068 -3.902486E-08 0.7073354 0.706878 -0.0004184883 0.7071068 0.7071068 7.41616E-08 0.0004238897 0.9999999 0 7.450574E-08 1 0 -0.7071068 0.7071068 -1.423937E-07 -0.7071068 0.7071068 -4.26391E-08 0.3826815 0.9238803 -4.581034E-08 0.3832625 0.9236394 -0.000226659 0.3826815 0.9238803 -5.540385E-09 0.004548223 0.9999896 0 -0.3826815 0.9238803 5.77843E-07 -0.3826815 0.9238803 -8.66166E-08 0 1 -3.670281E-08 0 1 0 4.457489E-13 1 2.755738E-10 0 1 -4.448837E-08 0 1 0 0 1 -3.897227E-08 0.3826815 0.9238803 -2.568496E-09 0.3835029 0.9235396 -0.0003854563 0.3826815 0.9238803 1.792602E-08 -0.3826815 0.9238803 -3.105369E-08 -0.3826815 0.9238803 -6.786976E-08 -0.3826815 0.9238803 -7.543052E-08 0 1 0 0 0.7071068 0.7071068 0 0.7071068 0.7071068 0 0.7071068 0.7071068 0 0.9999999 0.0004238897 0 1 0 0.0006419554 0.7076412 -0.7065716 0 0.7071068 -0.7071068 0 0.9238803 0.3826815 -2.066549E-07 0.9238803 0.3826815 0 0.9238803 0.3826815 0 0.9999896 0.004548214 0.0003663596 0.9240432 -0.382288 0 0.9238803 -0.3826815 0 1 0 0 1 0 -1.491631E-07 1 0 0 1 0 0 1 0 -4.565754E-08 1 -1.602459E-10 0 0.9238803 0.3826815 -3.636003E-07 0.9238803 0.3826815 0 0.9238803 0.3826815 0 0.9238803 -0.3826815 0.000425968 0.9242468 -0.3817952 0 0.9238803 -0.3826815 -0.0006081825 0.9999998 0 0 1 0 -7.089921E-05 1 0 -0.105379 0.9944322 0 -0.004478785 0.99999 0 -0.1151391 0.9933494 0 -0.0007405133 0.9999997 0 0 1 0 0 1 0 0 1 0 0 1 0 -0.9999993 0 0.001186301 0.2879522 0.9576448 -0.0003416192 -0.8258191 -0.5639344 0.0009756123 -0.4437433 0.896154 0 0.274701 0.9615297 6.943615E-05 0.8331747 0.553009 -0.0009883619 -0.9999997 0 0.0007352855 0 1 -4.649311E-08 0 1 0 0 1 0 0 1 0 0 0.9999977 -0.002155483 0 1 0 0 1 0 0 0.9992518 -0.03867641 0 0.9999127 -0.01321528 0.0004544691 0.9240062 0.3823774 0.001088624 0.3831111 0.9237016 0 0.999684 -0.0251362 0 -0.5546932 0.8320549 0 1 0 0 1 0 -1.37651E-07 0.7071067 0.7071068 -0.7071068 0.7071068 0 0.7012676 -0.2963576 0.6483795 0.5269071 -0.5163423 0.6750996 0.3623725 -0.6425904 0.6751028 0.2112772 -0.7069434 0.6749763 -1.032383E-07 -0.7071068 0.7071067 -0.7071068 0.7071068 0 -0.2112772 0.7069434 0.6749763 -0.3623725 0.6425904 0.6751028 -0.5269072 0.5163422 0.6750996 -0.7012542 0.2963535 0.6483958 -0.215448 0.5697017 0.7931091 0.008633476 0.6885486 -0.7251388 0.5696814 0.327459 0.7538127 0.4005721 0.5270143 0.7495319 0.1745499 -0.6156497 0.7684451 0.6100738 0.257887 0.7492025 -0.4005721 -0.5270143 0.7495319 -0.5696814 -0.327459 0.7538127 -0.6100738 -0.257887 0.7492025 -0.1745499 0.6156497 0.7684451 0.009328397 0.9999565 0 0.02450808 0.9996997 0 0.000883302 0.9999996 0 -0.01469276 0.9998921 0 -0.001031132 0.9999995 0 0.009142506 0.9999582 0 -0.003568961 0.9999936 0 -0.04131199 0.9991463 0 0.01413367 0.9999001 0 0.01767838 0.9998437 0 -0.02476794 0.9996932 0 0.04273053 0.9990866 0 0.002329711 0.9999973 0 -0.01827091 0.999833 0 0.0527485 0.9986078 0 -0.03103118 0.9995184 0 -0.03408026 0.9994191 0 0.01129973 0.9999362 0 -0.001117447 0.9999994 0 -2.31814E-06 1 0 0 1 0 0 1 0 -0.004957469 0.9999877 0 -2.288488E-06 1 0 0 1 0 2.503329E-06 1 -2.503329E-06 -0.02127716 0.9997736 0 -8.41542E-08 0.7071068 0.7071068 -6.860093E-08 -0.7071068 0.7071068 -0.002281094 0.9999974 0 0.006893756 0.9999762 0 -2.191179E-05 1 0 0.0008144407 0.7071065 -0.7071065 0.004053923 0.707101 0.707101 -1.659991E-09 0.7071255 0.7070881 -0.7071068 0.7071068 0 0.7012549 -0.2963519 0.6483958 0.5269074 -0.516342 0.6750996 0.362372 -0.6425906 0.6751028 0.2112768 -0.7069435 0.6749763 0 -0.7071068 0.7071068 -0.7071068 0.7071068 0 -0.2112772 0.7069434 0.6749763 -0.3623726 0.6425903 0.6751028 -0.5269071 0.5163423 0.6750996 -0.7012541 0.2963537 0.6483958 -0.215448 0.5697017 0.7931091 0.008634012 0.6885491 -0.7251384 0.5696814 0.327459 0.7538127 0.4005721 0.5270143 0.7495319 0.1745499 -0.6156497 0.7684451 0.6100908 0.2578942 0.7491862 -0.4005721 -0.5270143 0.7495319 -0.5696814 -0.327459 0.7538127 -0.6100738 -0.257887 0.7492025 -0.1745499 0.6156497 0.7684451 0.009328397 0.9999565 0 0.02450818 0.9996997 0 0.0008833687 0.9999996 0 -0.01469278 0.9998921 0 -0.00103121 0.9999995 0 0.009142508 0.9999582 0 -0.003568955 0.9999936 0 -0.04131216 0.9991463 0 0.01413373 0.9999001 0 0.01767825 0.9998437 0 -0.02476806 0.9996932 0 0.0427306 0.9990866 0 0.002329694 0.9999973 0 -0.01827091 0.999833 0 0.0527485 0.9986078 0 -0.03103119 0.9995184 0 -0.03408025 0.9994191 0 0.01129974 0.9999362 0 -0.001117452 0.9999994 0 -2.318141E-06 1 0 0 1 0 0 1 0 -0.00495747 0.9999877 0 -2.288489E-06 1 0 0 1 0 2.503317E-06 1 -2.503317E-06 -0.02127717 0.9997736 0 0 0.7071068 0.7071068 0 -0.7071068 0.7071068 -0.002281099 0.9999974 0 0.006893763 0.9999762 0 -2.18754E-05 1 0 0.0008143781 0.7071065 -0.7071065 0.004053813 0.707101 0.707101 0 0.7071068 0.7071068 -0.7071067 0.7071069 -1.376535E-07 0.7012675 -0.2963578 0.6483795 0.5269066 -0.5163428 0.6750997 0.3623728 -0.6425902 0.6751028 0.2112774 -0.7069433 0.6749763 0 -0.7071068 0.7071068 -0.7071068 0.7071068 -6.882551E-08 -0.2112781 0.7069431 0.6749763 -0.3623731 0.64259 0.6751028 -0.5269062 0.5163433 0.6750996 -0.7012541 0.2963539 0.6483958 -0.2154482 0.5697017 0.7931092 0.008633832 0.688549 -0.7251384 0.5696814 0.327459 0.7538127 0.4005721 0.5270143 0.7495319 0.1745499 -0.6156497 0.7684451 0.6100738 0.257887 0.7492025 -0.4005721 -0.5270143 0.7495319 -0.56967 -0.3274525 0.7538242 -0.6100738 -0.257887 0.7492025 -0.1745499 0.6156497 0.7684451 0.009328466 0.9999565 0 0.02450835 0.9996997 0 0.0008833159 0.9999996 0 -0.01469278 0.9998921 0 -0.001031132 0.9999995 0 0.00914259 0.9999582 0 -0.003568932 0.9999936 0 -0.04131227 0.9991463 0 0.01413378 0.9999001 0 0.01767825 0.9998437 0 -0.02476782 0.9996932 0 0.04273063 0.9990866 0 0.002329644 0.9999973 0 -0.0182709 0.999833 0 0.05274954 0.9986078 0 -0.03103201 0.9995184 0 -0.03408025 0.9994191 0 0.01129969 0.9999362 0 -0.001117442 0.9999994 0 -2.31814E-06 1 0 6.733988E-08 1 -6.733988E-08 0 1 0 -0.00495747 0.9999877 0 -2.288489E-06 1 0 0 1 0 2.503316E-06 1 -2.503316E-06 -0.02127717 0.9997736 0 0 0.7071068 0.7071068 0 -0.7071068 0.7071068 -0.002281099 0.9999974 0 0.006893763 0.9999762 0 -2.187546E-05 1 0 0.0008146347 0.7071065 -0.7071065 0.004054035 0.707101 0.707101 -0.7071068 0.7071068 0 0 0.7071068 -0.7071068 -0.6483795 -0.2963571 0.7012678 -0.6750996 -0.5163427 0.5269067 -0.6751028 -0.6425903 0.3623725 -0.6749763 -0.7069432 0.211278 -0.7071068 -0.7071068 0 0 0.7071068 -0.7071068 -0.6749763 0.7069432 -0.211278 -0.6751028 0.6425903 -0.3623725 -0.6750996 0.5163427 -0.5269067 -0.6483958 0.296353 -0.7012544 -0.7931092 0.5697017 -0.2154481 0.7251387 0.6885487 0.008633216 -0.7538128 0.3274594 0.5696812 -0.7495317 0.5270141 0.4005726 -0.7684451 -0.6156495 0.1745504 -0.7492023 0.2578877 0.6100737 -0.7495317 -0.5270141 -0.4005726 -0.7538128 -0.3274594 -0.5696812 -0.7492023 -0.2578877 -0.6100737 -0.7684451 0.6156495 -0.1745504 0 0.9999565 0.00932839 0 0.9996997 0.02450803 0 0.9999996 0.0008832378 0 0.9998921 -0.01469278 0 0.9999995 -0.001031048 0 0.9999582 0.009142499 0 0.9999936 -0.003568946 0 0.9991463 -0.04131237 0 0.9999001 0.01413329 0 0.9998437 0.01767812 0 0.9996932 -0.02476769 0 0.9990867 0.04272995 0 0.9999973 0.00232955 0 0.999833 -0.01827091 0 0.9986079 0.05274807 0 0.9995184 -0.03103186 0 0.9994191 -0.03408114 0 0.9999362 0.0112994 0 0.9999994 -0.001117442 0 1 -2.318142E-06 0 1 0 0 1 0 0 0.9999877 -0.004957469 0 1 -2.288491E-06 0 1 0 2.503306E-06 1 2.503306E-06 0 0.9997736 -0.02127717 -0.7071068 0.7071068 0 -0.7071068 -0.7071068 0 0 0.9999974 -0.002281094 0 0.9999762 0.006893759 0 1 -2.193163E-05 0.7071065 0.7071065 0.0008143756 -0.707101 0.707101 0.004053926 -0.7071068 0.7071068 0 0 0.7071068 -0.7071068 -0.6483795 -0.296357 0.7012678 -0.6750996 -0.5163427 0.5269067 -0.6751028 -0.6425903 0.3623725 -0.6749763 -0.7069432 0.211278 -0.7071068 -0.7071068 0 0 0.7071068 -0.7071068 -0.6749763 0.7069432 -0.211278 -0.6751028 0.6425903 -0.3623725 -0.6750996 0.5163427 -0.5269067 -0.6483958 0.296353 -0.7012544 -0.7931092 0.5697017 -0.2154481 0.7251385 0.688549 0.008633741 -0.7538128 0.3274594 0.5696812 -0.7495317 0.5270141 0.4005726 -0.7684451 -0.6156495 0.1745504 -0.7492023 0.2578877 0.6100737 -0.7495317 -0.5270141 -0.4005726 -0.7538128 -0.3274594 -0.5696812 -0.7492023 -0.2578877 -0.6100737 -0.7684451 0.6156495 -0.1745504 0 0.9999565 0.00932839 0 0.9996997 0.02450814 0 0.9999996 0.0008833045 0 0.9998921 -0.01469278 0 0.9999995 -0.001031126 0 0.9999582 0.009142501 0 0.9999936 -0.003568946 0 0.9991463 -0.04131237 0 0.9999001 0.01413329 0 0.9998437 0.01767812 0 0.9996932 -0.02476781 0 0.9990867 0.04272995 0 0.9999973 0.00232955 0 0.999833 -0.01827091 0 0.9986079 0.05274807 0 0.9995184 -0.03103186 0 0.9994191 -0.03408114 0 0.9999362 0.0112994 0 0.9999994 -0.001117447 0 1 -2.318142E-06 0 1 0 0 1 0 0 0.9999877 -0.004957469 0 1 -2.288491E-06 0 1 0 2.503305E-06 1 2.503305E-06 0 0.9997736 -0.02127717 -0.7071068 0.7071068 0 -0.7071068 -0.7071068 0 0 0.9999974 -0.002281094 0 0.9999762 0.006893759 0 1 -2.193163E-05 0.7071065 0.7071065 0.0008143756 -0.707101 0.707101 0.00405404 -0.7071068 0.7071068 0 0 0.7071068 -0.7071068 -0.6483795 -0.2963571 0.7012678 -0.6750996 -0.5163427 0.5269067 -0.6751028 -0.6425903 0.3623725 -0.6749763 -0.7069432 0.211278 -0.7071068 -0.7071068 0 0 0.7071068 -0.7071068 -0.6749763 0.7069432 -0.211278 -0.6751028 0.6425903 -0.3623725 -0.6750996 0.5163427 -0.5269067 -0.6483958 0.296353 -0.7012544 -0.7931092 0.5697017 -0.2154482 0.7251385 0.6885489 0.008633686 -0.7538128 0.3274594 0.5696812 -0.7495317 0.5270141 0.4005726 -0.7684575 -0.6156353 0.1745463 -0.7492023 0.2578877 0.6100737 -0.7495317 -0.5270141 -0.4005726 -0.7538128 -0.3274594 -0.5696812 -0.7492023 -0.2578877 -0.6100737 -0.7684451 0.6156495 -0.1745504 0 0.9999565 0.00932839 0 0.9996997 0.02450803 0 0.9999996 0.0008832378 0 0.9998921 -0.01469278 0 0.9999995 -0.001031048 0 0.9999582 0.009142499 0 0.9999936 -0.003568946 0 0.9991463 -0.04131237 0 0.9999001 0.01413329 0 0.9998437 0.01767812 0 0.9996932 -0.02476769 0 0.9990867 0.04272995 0 0.9999973 0.00232955 0 0.999833 -0.01827091 0 0.9986079 0.05274807 0 0.9995184 -0.03103186 0 0.9994191 -0.03408114 0 0.9999362 0.0112994 0 0.9999994 -0.001117442 0 1 -2.318142E-06 0 1 0 0 1 0 0 0.9999877 -0.004957469 0 1 -2.288491E-06 0 1 0 2.503306E-06 1 2.503306E-06 0 0.9997736 -0.02127717 -0.7071068 0.7071068 0 -0.7071068 -0.7071068 0 0 0.9999974 -0.002281094 0 0.9999762 0.006893759 0 1 -2.193163E-05 0.7071065 0.7071065 0.0008143756 -0.707101 0.707101 0.00405404 -0.8266391 0.5627326 7.54663E-05 0.003967601 0.5638314 -0.8258803 -0.4397376 0.8981263 -8.24554E-05 -0.02497757 0.9028349 -0.4292613 0 1 0 0 1 0 -0.099934 0.876904 -0.4701624 -0.5033457 0.8640852 -8.643142E-07 2.205097E-05 -0.7512079 -0.6600657 0.6565015 0.7541999 0.01372018 0 1 0 0 1 0 2.734558E-05 0.8641087 0.5033051 0.5049052 0.8631747 -0.0002675401 0.4340458 0.9006795 0.01951302 2.063149E-05 0.897462 0.4410919 0.003396919 0.7071108 -0.7070946 0.00183073 0.9247387 -0.3805982 5.935196E-06 -0.7071068 -0.7071068 0.002614882 0.9245368 -0.3810838 -2.867842E-07 1 -2.021826E-09 -4.681953E-07 0.9238803 0.3826815 2.715971E-08 1 0 4.755683E-07 0.9238803 0.3826815 -0.7071064 0.7071064 0.001147221 -0.3826815 0.9238803 -4.962165E-06 0.7071047 0.7071075 -0.001427689 -0.3826815 0.9238803 5.322879E-07 0 1 0 0.3844746 0.923135 -0.0009605564 3.762299E-10 1 1.152107E-07 0.3850019 0.9229149 -0.001261567 -0.004184456 0.9999912 0 7.450574E-08 1 0 -0.7071068 -0.7071068 1.876746E-08 -0.7073355 -0.706878 0.0001904503 -0.7071068 0.7071068 -4.765668E-08 -0.7071068 0.7071068 -1.339483E-07 -0.3826815 0.9238803 -4.201249E-08 -0.7071068 0.7071068 3.651766E-07 0.04783846 0.9988551 0 0 1 0 -0.002091907 0.9999978 0 -0.0525586 0.9986178 0 -0.7071068 -0.7071068 -8.994155E-08 -0.7071068 0.7071068 -1.870081E-07 0 0.9999912 -0.004184451 0 1 0 0 -0.7071068 -0.7071068 0.000350141 -0.7071068 -0.7071068 0 0.7071068 -0.7071068 0 0.9238803 -0.3826815 0 0.7071068 -0.7071068 0.0006398089 0.7076412 -0.7065716 0 1 0 0 0.9988551 0.04783846 0 0.9986178 -0.05255844 0 0.9999978 -0.002091901 0 -0.7071068 -0.7071068 0 0.7071068 -0.7071068 0.0006584345 0.7071082 -0.707105 -0.07840456 0.5776951 -0.8124784 -7.724832E-07 0.7071068 0.7071068 2.804016E-06 0.751213 0.6600599 -0.7071047 -0.7071075 0.001426347 -0.6533098 -0.7566218 -0.02663923 -0.9999993 0 0.001122437 -0.921315 -0.3888156 0.001032089 0.8258191 0.5639344 -0.0009251168 0.921315 0.3888156 -0.001032089 0.3761476 0.9265596 -0.0004213929 0.8258198 0.563934 0.0004182024 0.3761479 0.9265593 0.0006872157 0.9239317 0.382556 -0.00110455 0.3826442 0.9238957 -0.0004545996 0 0.9999998 0.0006616469 -0.7071066 0.7071066 0.0008015893 -0.9999999 0 0.0004822526 -3.075922E-11 1 -2.652254E-08 -3.075922E-11 1 -2.652254E-08 -0.7071068 0.7071068 -3.505662E-08 -0.4437433 0.896154 0 0.0006623107 0.9999992 0.00106729 0.001232865 0.9207239 0.3902128 0.0003047513 0.9530509 0.3028102 1.333123E-06 0.9999995 0.001068178 -2.645957E-08 1 3.149372E-11 0.0003428138 0.9576725 0.2878599 -2.645956E-08 1 3.149371E-11 0.0009924838 0.5526987 0.8333806 0 1 -1.269291E-05 0 0.9999542 -0.009572227 0 0.9999989 -0.001454974 0.0004907625 0.5526986 0.8333811 0.001088624 0.3831111 0.9237016 0.0007124215 -0.7071066 0.7071066 -0.0008449992 0.7073969 -0.706816 -0.0006080457 0 -0.9999998 -0.9999999 0 -0.0002512137 -0.9999995 0 0.0009848825 -0.000912894 0.7073969 -0.706816 -0.000582783 0.8924102 -0.4512247 0 1 0 0 1 0 -0.7071678 0.7070458 -0.0001775964 -0.8320174 0.5547495 -0.0002090142 0 1 0 0 1 0 -0.001185229 -0.376085 -0.9265844 -0.001276206 0 -0.9999992 -0.002340382 0.5406393 0.8412512 0.001185229 0.376085 0.9265844 0 0 -1 0.7071677 -0.7070455 -0.0006964741 0.9239317 0.382556 -0.00110455 0 0.5546932 -0.8320549 0 0.7071068 -0.7071068 0 1 0 -0.003143562 0.7086547 -0.7055485 0.5524001 -0.3654609 0.7491946 -0.5524001 0.3654609 0.7491946 0.2154554 -0.5697033 0.793106 -0.149385 0.865404 0.4782887 0.03635496 0.9967856 -0.07139136 0.08635061 0.718771 0.6898636 0.172672 0.9629526 0.2071392 -0.05870878 0.7346309 0.6759222 0.002037253 0.7081232 0.7060859 -0.04105091 0.8265166 -0.5614136 0.16374 0.9629942 -0.2140826 0.05492081 0.7945988 -0.6046458 -0.04527115 0.7431131 -0.6676327 2.503317E-06 1 2.503317E-06 0.1503289 0.8071256 0.5709198 0.04731583 0.7539214 0.6552585 0.01023376 0.8425133 0.5385784 -0.02465157 0.6664168 0.7451718 -0.1450539 0.9438041 0.2969733 0.0239201 0.804464 -0.5935196 0.001078357 0.6617606 -0.7497144 -0.005695006 0.7070953 -0.7070953 0.09187327 0.7485528 -0.6566795 0 1 0 -0.001108118 0.9999987 0.001108118 0.01444091 0.9997914 0.01444091 0.7071066 0.7071069 2.408893E-07 0.7071068 0.7071068 0 6.882551E-07 0.7071064 0.7071071 -8.070322E-07 -0.7070877 0.7071259 -0.005015077 0.7070979 0.7070979 -1.302307E-07 -0.6619651 0.7495347 -2.955724E-09 0.6619651 0.7495347 -2.071833E-08 0.7071068 0.7071068 -5.383862E-08 -0.7071068 0.7071068 0.1039013 0.7160029 -0.6903219 -0.01583077 0.6807781 0.7323186 -0.003143958 0.7086549 -0.7055482 0.5524154 -0.365471 0.7491783 -0.5524001 0.3654609 0.7491946 0.2154536 -0.5696982 0.7931102 -0.1493839 0.8654038 0.4782895 0.03635506 0.9967859 -0.07138771 0.0863509 0.7187712 0.6898635 0.172672 0.9629526 0.2071391 -0.05870898 0.734631 0.675922 0.002036837 0.7081417 0.7060674 -0.04105113 0.8265164 -0.5614137 0.1637402 0.9629955 -0.2140764 0.0549201 0.7945986 -0.604646 -0.04527023 0.7431133 -0.6676326 2.503317E-06 1 2.503317E-06 0.150329 0.8071256 0.5709198 0.04731583 0.7539214 0.6552585 0.0102342 0.8425134 0.5385782 -0.02465201 0.6664169 0.7451717 -0.1450539 0.9438041 0.2969733 0.0239201 0.804464 -0.5935196 0.001078183 0.6617607 -0.7497144 -0.005695046 0.7070953 -0.7070953 0.09187303 0.7485527 -0.6566797 0 1 0 -0.001108201 0.9999987 0.001108201 0.01444091 0.9997914 0.01444091 0.7070881 0.7071255 -1.659991E-09 0.7071068 0.7071068 0 7.570807E-07 0.7071064 0.7071071 -7.382073E-07 -0.7070878 0.7071258 -0.00501504 0.7070979 0.7070979 -3.341596E-07 -0.661965 0.7495347 -8.632528E-07 0.6619653 0.7495345 -1.324815E-07 0.7071068 0.7071068 0 -0.7071068 0.7071068 0.1039021 0.7160031 -0.6903216 -0.01583077 0.6807781 0.7323186 -0.003143734 0.7086548 -0.7055484 0.5524001 -0.3654609 0.7491946 -0.5524001 0.3654609 0.7491946 0.2154537 -0.5696981 0.7931103 -0.149386 0.8654042 0.4782879 0.03635633 0.9967857 -0.07138961 0.08635053 0.718771 0.6898636 0.1726736 0.9629526 0.2071379 -0.05870854 0.7346308 0.6759223 0.002037958 0.7081236 0.7060856 -0.04104876 0.8265173 -0.5614127 0.1637417 0.9629942 -0.2140813 0.05492141 0.7945989 -0.6046456 -0.04527092 0.7431132 -0.6676327 2.503317E-06 1 2.503317E-06 0.1503276 0.8071254 0.5709203 0.04731538 0.7539213 0.6552586 0.01023443 0.8425134 0.538578 -0.02465183 0.6664169 0.7451717 -0.1450564 0.9438028 0.2969764 0.02392011 0.8044634 -0.5935203 0.001078919 0.6617605 -0.7497146 -0.005695046 0.7070953 -0.7070953 0.09187303 0.7485527 -0.6566797 0 1 0 -0.001108112 0.9999987 0.001108112 0.01444091 0.9997914 0.01444091 0.7071068 0.7071068 0 0.7071068 0.7071068 0 7.570807E-07 0.7071064 0.7071071 -7.382073E-07 -0.7070878 0.7071258 -0.005015075 0.7070979 0.7070979 -5.393537E-07 -0.661965 0.7495347 -2.955724E-09 0.6619651 0.7495347 -8.287335E-08 0.7071068 0.7071068 -2.153551E-07 -0.7071068 0.7071068 0.1039033 0.7160034 -0.6903211 -0.01583065 0.6807781 0.7323186 0.7055488 0.7086544 -0.003142943 -0.7491954 -0.365458 0.5524009 -0.7491954 0.365458 -0.5524009 -0.7931103 -0.569698 0.2154538 -0.4782872 0.8654045 -0.1493869 0.07139156 0.9967856 0.0363548 -0.6898638 0.7187709 0.08635031 -0.2071392 0.9629526 0.172672 -0.6759223 0.7346308 -0.05870847 -0.7060859 0.7081233 0.002037373 0.5614135 0.8265166 -0.04105078 0.2140826 0.9629942 0.1637401 0.6046459 0.7945987 0.05492035 0.6676328 0.743113 -0.04527214 -2.503306E-06 1 2.503306E-06 -0.5709204 0.8071255 0.1503274 -0.6552585 0.7539214 0.0473156 -0.5385782 0.8425134 0.01023419 -0.7451718 0.6664168 -0.02465166 -0.2969742 0.9438037 -0.1450546 0.5935187 0.8044646 0.02391863 0.7497144 0.6617607 0.001077947 0.7070953 0.7070953 -0.005695054 0.6566797 0.7485526 0.09187286 0 1 0 -0.001108034 0.9999987 -0.001108034 -0.01444091 0.9997914 0.01444091 0 0.7071068 0.7071068 0 0.7071068 0.7071068 -0.7071071 0.7071064 7.570807E-07 -0.7071258 -0.7070878 -7.382073E-07 -0.7070979 0.7070979 -0.005015056 -0.7495347 -0.6619651 2.955724E-09 -0.7495347 0.6619651 -2.955724E-09 -0.7071068 0.7071068 0 -0.7071068 -0.7071068 0 0.6903222 0.7160028 0.1039006 -0.7323188 0.6807779 -0.01583138 0.7055484 0.7086548 -0.003143734 -0.7491954 -0.365458 0.5524009 -0.7491954 0.365458 -0.5524009 -0.7931102 -0.5696979 0.215454 -0.4782856 0.865405 -0.149389 0.07139131 0.9967856 0.03635499 -0.6898636 0.718771 0.08635061 -0.2071391 0.9629526 0.172672 -0.6759222 0.7346309 -0.05870868 -0.7060855 0.7081236 0.002038113 0.5614128 0.8265172 -0.04104888 0.2140826 0.9629942 0.1637401 0.6046457 0.7945989 0.05492121 0.6676328 0.743113 -0.04527177 -2.503306E-06 1 2.503306E-06 -0.5709204 0.8071255 0.1503274 -0.6552585 0.7539214 0.0473156 -0.5385782 0.8425134 0.01023419 -0.7451717 0.6664169 -0.02465221 -0.2969742 0.9438037 -0.1450546 0.5935187 0.8044646 0.02391863 0.7497144 0.6617607 0.001077947 0.7070953 0.7070953 -0.005695054 0.6566797 0.7485526 0.09187286 0 1 0 -0.001108112 0.9999987 -0.001108112 -0.01444091 0.9997914 0.01444091 0 0.7071068 0.7071068 0 0.7071068 0.7071068 -0.7071071 0.7071064 7.570807E-07 -0.7071258 -0.7070878 -7.382073E-07 -0.7070979 0.7070979 -0.005015073 -0.7495347 -0.6619651 2.955724E-09 -0.7495347 0.6619651 -2.955724E-09 -0.7071068 0.7071068 0 -0.7071068 -0.7071068 0 0.6903219 0.716003 0.1039015 -0.7323188 0.6807779 -0.01583138 0.7055484 0.7086548 -0.003143648 -0.7491954 -0.365458 0.5524009 -0.7491954 0.365458 -0.5524009 -0.7931103 -0.5696981 0.2154537 -0.4782856 0.865405 -0.149389 0.07139131 0.9967856 0.03635499 -0.6898638 0.7187709 0.08635031 -0.2071392 0.9629526 0.172672 -0.6759223 0.7346308 -0.05870847 -0.7060855 0.7081236 0.002038113 0.5614136 0.8265166 -0.04105086 0.2140826 0.9629942 0.1637401 0.6046457 0.7945989 0.05492121 0.6676328 0.743113 -0.04527177 -2.503306E-06 1 2.503306E-06 -0.5709204 0.8071255 0.1503274 -0.6552585 0.7539214 0.0473156 -0.5385782 0.8425134 0.01023419 -0.7451717 0.6664169 -0.02465221 -0.2969742 0.9438037 -0.1450546 0.5935187 0.8044646 0.02391863 0.7497144 0.6617607 0.001077947 0.7070953 0.7070953 -0.005695054 0.6566797 0.7485526 0.09187286 0 1 0 -0.001108034 0.9999987 -0.001108034 -0.01444091 0.9997914 0.01444091 0 0.7071068 0.7071068 0 0.7071068 0.7071068 -0.7071071 0.7071064 7.570807E-07 -0.7071258 -0.7070878 -7.382073E-07 -0.7070979 0.7070979 -0.005015073 -0.7495347 -0.6619651 2.955724E-09 -0.7495347 0.6619651 -2.955724E-09 -0.7071068 0.7071068 0 -0.7071068 -0.7071068 0 0.6903402 0.7159857 0.1038989 -0.7323188 0.6807779 -0.01583138 -0.3641932 0.8552241 -0.3687208 -0.3053117 0.9009892 -0.3082261 0 1 0 -0.3047861 0.9014204 -0.3074845 -0.5819052 0.5627498 -0.5871107 -0.5813939 0.5638155 -0.5865946 0.3674946 0.8550898 0.3657447 0.368441 0.8542787 0.3666866 0.3088082 0.9001005 0.3073378 0.3680137 0.854975 0.3654909 0.3086494 0.9004089 0.3065933 0 1 0 0.368441 0.8542787 0.3666866 0.4678476 0.7512102 0.4656199 -0.7071068 0.7071068 -1.820423E-06 0 1 0 0 1 0 -0.000582783 0.8924102 -0.4512247 -0.001228917 0 -0.9999992 -0.001007437 -0.5406421 -0.8412521 -0.001190992 0 -0.9999993 -0.001023613 0 -0.9999995 0.8331752 0.5530089 -0.000391478 0.8320174 -0.5547495 0.0002090142 -0.3053839 0.9010121 -0.3080876 0.3674946 0.8550898 0.3657447 0.4678476 0.7512102 0.4656199 -0.5818939 0.5627462 -0.5871254 -0.465397 -0.7502659 -0.4695815 -0.5859243 0.5627148 -0.5831338 -0.4678477 -0.7512102 -0.4656198 -0.826629 0.5627472 -1.639648E-08  
			<SubMeshes>: 1
				<SubMesh>: 0 2556 10 9 2 10 2 3 8 10 3 8 3 1 10 8 20 10 20 22 453 454 5 453 5 11 455 456 6 455 6 7 0 453 11 0 11 4 457 458 13 457 13 459 458 460 12 458 12 13 437 438 424 437 424 422 440 441 425 440 425 427 25 24 19 25 19 17 23 25 17 23 17 18 15 14 22 15 22 20 14 16 21 14 21 22 13 12 24 13 24 25 4 11 461 4 461 462 9 10 22 9 22 21 453 0 463 453 463 464 438 440 427 438 427 424 459 13 25 459 25 23 465 455 7 465 7 466 36 29 28 36 28 35 34 27 29 34 29 36 36 48 46 36 46 34 467 37 31 467 31 468 469 33 32 469 32 470 26 30 37 26 37 467 471 472 39 471 39 473 473 39 38 473 38 474 450 9 21 450 21 452 51 43 45 51 45 50 49 44 43 49 43 51 41 46 48 41 48 40 40 48 47 40 47 42 39 51 50 39 50 38 30 475 476 30 476 37 35 47 48 35 48 36 467 477 478 467 478 26 472 49 51 472 51 39 479 480 33 479 33 469 451 431 435 451 435 452 450 434 430 450 430 447 439 481 482 439 482 429 442 444 47 442 47 35 443 444 436 443 436 432 442 483 484 442 484 433 448 428 426 448 426 449 446 423 428 446 428 448 485 486 421 485 421 445 56 54 53 53 52 56 52 55 56 782 59 783 60 53 54 60 54 61 65 63 487 65 487 488 62 61 54 54 58 62 54 57 58 489 490 491 492 493 67 68 494 495 68 495 64 496 70 67 496 67 493 497 498 69 497 69 66 499 500 64 499 64 495 501 502 70 501 70 496 83 84 72 83 72 73 74 75 78 78 77 74 77 81 74 81 71 74 503 504 505 503 505 506 507 79 508 507 508 509 510 508 79 510 79 80 511 76 512 512 513 511 513 75 511 514 515 516 514 516 82 517 784 785 517 785 518 498 519 520 498 520 69 521 503 506 521 506 522 523 524 525 523 525 526 527 528 524 527 524 523 786 529 530 786 530 787 531 505 504 531 504 532 518 785 788 518 788 533 789 790 534 789 534 535 84 536 537 84 537 72 538 511 75 538 75 74 135 134 85 135 85 91 93 90 101 93 101 106 127 86 92 127 92 128 109 98 539 109 539 111 88 95 96 88 96 87 89 94 95 89 95 88 90 93 94 90 94 89 104 105 102 104 102 99 101 540 541 101 541 106 99 100 103 99 103 104 87 96 97 87 97 542 123 543 544 123 544 121 108 545 546 108 546 107 117 547 545 117 545 108 129 132 548 129 548 110 113 549 550 113 550 112 114 551 549 114 549 113 115 552 551 115 551 114 125 553 547 125 547 117 119 554 555 119 555 118 120 556 554 120 554 119 107 546 556 107 556 120 112 550 98 112 98 109 123 557 543 137 140 557 137 557 123 122 558 559 122 559 124 125 117 108 125 108 107 124 559 560 133 561 562 133 562 116 563 127 128 563 128 131 130 125 107 130 107 120 111 539 564 111 564 126 130 565 553 130 553 125 112 109 111 112 111 126 116 562 565 116 565 130 566 563 131 566 131 567 126 564 132 126 132 129 116 130 120 116 120 133 113 112 126 113 126 129 97 568 569 97 569 542 136 113 129 136 129 110 110 548 570 110 570 136 124 560 139 124 139 138 571 572 573 571 573 574 136 570 140 136 140 137 138 119 118 137 114 113 137 113 136 133 120 119 133 119 138 138 139 561 138 561 133 574 573 134 574 134 135 137 115 114 121 544 575 122 576 558 121 575 552 121 552 115 123 121 115 123 115 137 118 555 576 118 576 122 138 118 122 138 122 124 191 190 141 191 141 147 149 146 157 149 157 162 183 142 148 183 148 184 165 154 577 165 577 167 144 151 152 144 152 143 145 150 151 145 151 144 146 149 150 146 150 145 160 161 158 160 158 155 157 578 579 157 579 162 155 156 159 155 159 160 143 152 153 143 153 580 179 581 582 179 582 177 164 583 584 164 584 163 173 585 583 173 583 164 185 188 586 185 586 166 169 587 588 169 588 168 170 589 587 170 587 169 171 590 589 171 589 170 181 591 585 181 585 173 175 592 593 175 593 174 176 594 592 176 592 175 163 584 594 163 594 176 168 588 154 168 154 165 179 595 581 193 196 595 193 595 179 178 596 597 178 597 180 181 173 164 181 164 163 180 597 598 189 599 600 189 600 172 601 183 184 601 184 187 186 181 163 186 163 176 167 577 602 167 602 182 186 603 591 186 591 181 168 165 167 168 167 182 172 600 603 172 603 186 604 601 187 604 187 605 182 602 188 182 188 185 172 186 176 172 176 189 169 168 182 169 182 185 153 606 607 153 607 580 192 169 185 192 185 166 166 586 608 166 608 192 180 598 195 180 195 194 609 610 611 609 611 612 192 608 196 192 196 193 194 175 174 193 170 169 193 169 192 189 176 175 189 175 194 194 195 599 194 599 189 612 611 190 612 190 191 193 171 170 177 582 613 178 614 596 177 613 590 177 590 171 179 177 171 179 171 193 174 593 614 174 614 178 194 174 178 194 178 180 247 246 197 247 197 203 205 202 213 205 213 218 239 198 204 239 204 240 221 210 615 221 615 223 200 207 208 200 208 199 201 206 207 201 207 200 202 205 206 202 206 201 216 217 214 216 214 211 213 616 617 213 617 218 211 212 215 211 215 216 199 208 209 199 209 618 235 619 620 235 620 233 220 621 622 220 622 219 229 623 621 229 621 220 241 244 624 241 624 222 225 625 626 225 626 224 226 627 625 226 625 225 227 628 627 227 627 226 237 629 623 237 623 229 231 630 631 231 631 230 232 632 630 232 630 231 219 622 632 219 632 232 224 626 210 224 210 221 235 633 619 249 252 633 249 633 235 234 634 635 234 635 236 237 229 220 237 220 219 236 635 636 245 637 638 245 638 228 639 239 240 639 240 243 242 237 219 242 219 232 223 615 640 223 640 238 242 641 629 242 629 237 224 221 223 224 223 238 228 638 641 228 641 242 642 639 243 642 243 643 238 640 244 238 244 241 228 242 232 228 232 245 225 224 238 225 238 241 209 644 645 209 645 618 248 225 241 248 241 222 222 624 646 222 646 248 236 636 251 236 251 250 647 648 649 647 649 650 248 646 252 248 252 249 250 231 230 249 226 225 249 225 248 245 232 231 245 231 250 250 251 637 250 637 245 650 649 246 650 246 247 249 227 226 233 620 651 234 652 634 233 651 628 233 628 227 235 233 227 235 227 249 230 631 652 230 652 234 250 230 234 250 234 236 303 302 253 303 253 259 261 258 269 261 269 274 295 254 260 295 260 296 277 266 653 277 653 279 256 263 264 256 264 255 257 262 263 257 263 256 258 261 262 258 262 257 272 273 270 272 270 267 269 654 655 269 655 274 267 268 271 267 271 272 255 264 265 255 265 656 291 657 658 291 658 289 276 659 660 276 660 275 285 661 659 285 659 276 297 300 662 297 662 278 281 663 664 281 664 280 282 665 663 282 663 281 283 666 665 283 665 282 293 667 661 293 661 285 287 668 669 287 669 286 288 670 668 288 668 287 275 660 670 275 670 288 280 664 266 280 266 277 291 671 657 305 308 671 305 671 291 290 672 673 290 673 292 293 285 276 293 276 275 292 673 674 301 675 676 301 676 284 677 295 296 677 296 299 298 293 275 298 275 288 279 653 678 279 678 294 298 679 667 298 667 293 280 277 279 280 279 294 284 676 679 284 679 298 680 677 299 680 299 681 294 678 300 294 300 297 284 298 288 284 288 301 281 280 294 281 294 297 265 682 683 265 683 656 304 281 297 304 297 278 278 662 684 278 684 304 292 674 307 292 307 306 685 686 687 685 687 688 304 684 308 304 308 305 306 287 286 305 282 281 305 281 304 301 288 287 301 287 306 306 307 675 306 675 301 688 687 302 688 302 303 305 283 282 289 658 689 290 690 672 289 689 666 289 666 283 291 289 283 291 283 305 286 669 690 286 690 290 306 286 290 306 290 292 359 358 309 359 309 315 317 314 325 317 325 330 351 310 316 351 316 352 333 322 691 333 691 335 312 319 320 312 320 311 313 318 319 313 319 312 314 317 318 314 318 313 328 329 326 328 326 323 325 692 693 325 693 330 323 324 327 323 327 328 311 320 321 311 321 694 347 695 696 347 696 345 332 697 698 332 698 331 341 699 697 341 697 332 353 356 700 353 700 334 337 701 702 337 702 336 338 703 701 338 701 337 339 704 703 339 703 338 349 705 699 349 699 341 343 706 707 343 707 342 344 708 706 344 706 343 331 698 708 331 708 344 336 702 322 336 322 333 347 709 695 361 364 709 361 709 347 346 710 711 346 711 348 349 341 332 349 332 331 348 711 712 357 713 714 357 714 340 715 351 352 715 352 355 354 349 331 354 331 344 335 691 716 335 716 350 354 717 705 354 705 349 336 333 335 336 335 350 340 714 717 340 717 354 718 715 355 718 355 719 350 716 356 350 356 353 340 354 344 340 344 357 337 336 350 337 350 353 321 720 721 321 721 694 360 337 353 360 353 334 334 700 722 334 722 360 348 712 363 348 363 362 723 724 725 723 725 726 360 722 364 360 364 361 362 343 342 361 338 337 361 337 360 357 344 343 357 343 362 362 363 713 362 713 357 726 725 358 726 358 359 361 339 338 345 696 727 346 728 710 345 727 704 345 704 339 347 345 339 347 339 361 342 707 728 342 728 346 362 342 346 362 346 348 415 414 365 415 365 371 373 370 381 373 381 386 407 366 372 407 372 408 389 378 729 389 729 391 368 375 376 368 376 367 369 374 375 369 375 368 370 373 374 370 374 369 384 385 382 384 382 379 381 730 731 381 731 386 379 380 383 379 383 384 367 376 377 367 377 732 403 733 734 403 734 401 388 735 736 388 736 387 397 737 735 397 735 388 409 412 738 409 738 390 393 739 740 393 740 392 394 741 739 394 739 393 395 742 741 395 741 394 405 743 737 405 737 397 399 744 745 399 745 398 400 746 744 400 744 399 387 736 746 387 746 400 392 740 378 392 378 389 403 747 733 417 420 747 417 747 403 402 748 749 402 749 404 405 397 388 405 388 387 404 749 750 413 751 752 413 752 396 753 407 408 753 408 411 410 405 387 410 387 400 391 729 754 391 754 406 410 755 743 410 743 405 392 389 391 392 391 406 396 752 755 396 755 410 756 753 411 756 411 757 406 754 412 406 412 409 396 410 400 396 400 413 393 392 406 393 406 409 377 758 759 377 759 732 416 393 409 416 409 390 390 738 760 390 760 416 404 750 419 404 419 418 761 762 763 761 763 764 416 760 420 416 420 417 418 399 398 417 394 393 417 393 416 413 400 399 413 399 418 418 419 751 418 751 413 764 763 414 764 414 415 417 395 394 401 734 765 402 766 748 401 765 742 401 742 395 403 401 395 403 395 417 398 745 766 398 766 402 418 398 402 418 402 404 427 767 768 427 768 424 425 769 767 425 767 427 770 791 771 770 771 772 773 774 775 776 435 777 431 778 777 431 777 435 779 792 793 434 780 430 482 794 795 796 486 797 781 798 423 781 423 446 35 28 483 35 483 442 42 47 444 42 444 443 433 436 444 433 444 442 470 32 481 470 481 439 38 50 440 38 440 438 50 45 441 50 441 440 474 38 438 474 438 437 460 781 446 460 446 12 456 485 445 456 445 6 12 446 448 12 448 24 24 448 449 24 449 19 9 450 447 9 447 2 16 451 452 16 452 21 434 450 452 434 452 435  
		</Mesh>
		<Materials>: 1
			<Material>: 0
				<AlbedoColor>: 1 1 1 1
				<EmissiveColor>: 0 0 0 0
				<Glossiness>: 0.04
				<Metallic>: 0
				<SpecularHighlight>: 1
				<GlossyReflection>: 1
				<AlbedoMap>: BLD_Villa2_A
				<MetallicMap>: BLD_Villa2_MS
				<NormalMap>: BLD_Villa2_N
				<EmissionMap>: null
				<DetailAlbedoMap>: DET_Concrete1_A
				<DetailNormalMap>: DET_Concrete1_N
		</Materials>
		<Children>: 0
	</Frame>
</Hierarchy>
